1001	1	2,53	142,43	114,28	17,69	168,74	3,25	15,12	50,21	9,87	144,99	35,45	23,57	11,23	5,66	78,47	2030,76	674,00	1062,53	616,76	524,19	129,47	339,35	291,80	39,38	239,67	23,13	39,18	10,87	71,56	58,66	319,37	49,62
1002	0	2,68	26,09	17,55	3,25	3,25	3,25	3,25	5,99	12,22	125,96	3,67	7,36	15,09	7,34	44,79	1228,28	375,79	753,44	406,20	361,96	54,68	212,51	76,42	21,75	55,90	18,67	22,07	3,70	55,40	26,90	124,33	61,35
1003	1	2,76	140,33	108,47	16,05	3,25	3,25	9,38	11,22	19,83	157,50	21,60	18,01	23,28	9,95	57,37	1673,76	505,30	1178,34	703,62	421,18	145,68	221,23	110,61	38,33	207,62	21,56	40,37	4,38	61,07	40,93	269,13	106,68
1004	0	2,83	3,25	3,25	3,25	3,25	3,25	6,55	10,59	11,66	149,11	3,25	8,73	12,22	5,82	43,68	1797,57	520,44	518,76	434,47	385,66	62,16	158,66	95,98	24,87	169,99	15,00	14,26	83,14	98,92	63,07	184,82	119,45
1005	0	2,95	117,78	99,10	3,25	3,25	3,25	3,25	3,25	13,33	123,40	11,04	11,93	15,51	7,32	30,69	961,90	418,29	814,37	360,88	304,22	96,00	249,24	117,02	23,37	165,22	15,00	14,48	4,98	50,25	39,33	261,47	60,42
1006	0	2,99	3,25	3,25	3,25	3,25	3,25	3,25	28,48	37,09	109,22	11,97	8,82	46,77	6,09	148,54	4947,81	1685,03	2671,47	1108,13	989,64	359,47	373,64	450,36	62,28	232,59	59,92	471,73	6,42	45,21	42,56	123,80	44,26
1007	0	3,03	98,11	82,65	18,66	95,45	4,64	8,41	23,52	10,92	101,66	40,23	23,20	21,91	6,17	31,95	2208,67	506,05	976,76	547,57	439,38	114,76	163,25	111,82	18,54	207,07	25,50	157,58	20,87	107,45	73,47	372,73	109,94
1008	0	3,03	141,53	112,03	33,56	3,25	3,25	7,61	48,81	3,25	123,96	5,38	13,51	15,26	8,98	55,38	2703,89	675,03	1565,13	708,74	565,05	131,54	361,45	116,65	27,04	193,62	18,40	14,29	4,40	78,95	39,93	330,68	69,93
1009	0	3,05	64,43	51,28	3,25	3,25	2,59	3,25	5,06	11,50	85,04	26,27	8,15	4,98	3,25	26,84	1808,62	809,35	621,64	638,57	469,45	137,35	160,29	70,41	18,07	85,29	7,69	7,45	16,44	116,03	124,04	312,38	94,82
1010	1	3,09	100,26	57,16	3,25	3,25	5,74	5,66	10,64	19,12	119,88	27,92	27,15	33,45	9,41	51,66	2584,28	724,70	1164,59	534,20	454,89	112,14	154,42	165,45	23,28	170,48	15,15	40,38	67,92	129,86	118,82	446,01	174,19
1011	1	3,18	3,25	3,25	3,25	3,25	3,25	3,25	4,98	10,14	13,43	3,25	3,25	8,65	3,25	26,24	510,18	272,01	259,00	298,52	245,14	43,63	186,51	89,37	23,74	14,36	3,25	13,02	5,06	32,51	28,16	55,60	24,23
1012	1	3,40	126,65	109,24	3,25	168,94	3,25	3,25	49,62	29,72	155,36	43,01	23,71	25,07	8,55	84,95	4389,69	1052,35	1644,45	1011,86	696,19	198,12	259,59	353,48	32,58	280,35	30,69	159,05	7,68	166,61	144,23	655,55	148,69
1013	0	3,48	3,25	3,25	3,25	3,25	3,25	3,25	8,63	10,73	127,80	3,25	7,45	19,70	7,54	32,37	1533,66	483,58	551,92	468,17	370,11	81,26	157,98	73,64	22,37	191,12	22,24	122,71	9,29	102,20	69,51	186,57	90,30
1014	0	3,50	229,34	206,05	27,10	196,97	12,71	36,81	113,78	42,34	204,35	135,35	33,31	29,19	8,73	39,05	2682,72	774,26	663,28	571,70	732,80	97,68	326,38	85,59	21,64	265,17	26,07	38,88	13,53	118,20	71,76	189,70	132,18
1015	0	3,55	19,73	22,32	3,25	3,25	3,25	3,25	11,03	3,25	35,31	40,92	12,90	14,33	5,97	101,65	2672,64	1028,05	1313,30	587,54	410,30	175,56	219,95	385,72	53,19	103,73	25,53	118,35	63,67	149,34	158,21	519,40	135,56
1016	0	3,60	42,55	46,97	3,25	168,35	3,25	3,25	30,24	26,29	170,47	10,31	16,87	43,33	11,69	81,20	1617,42	745,54	819,52	507,57	481,97	141,75	410,27	269,59	51,51	302,64	22,63	30,72	10,59	100,64	105,93	432,32	148,08
1017	1	3,65	193,27	122,11	3,25	167,86	6,16	3,25	50,41	24,18	142,57	3,25	6,57	9,58	5,77	45,53	1165,26	450,61	746,66	408,89	303,76	70,23	159,38	66,39	18,39	223,88	19,36	14,29	8,29	55,04	41,55	187,66	36,63
1018	1	3,79	196,07	149,96	24,22	3,25	10,32	20,47	33,35	37,93	179,56	45,76	18,86	25,47	8,28	29,00	1040,59	399,97	554,87	379,63	382,62	49,06	228,48	49,36	19,28	253,49	19,11	39,19	8,63	46,14	31,84	147,51	52,98
1019	1	3,79	19,67	13,13	3,25	3,25	3,25	3,25	7,50	9,81	21,99	3,25	8,51	14,85	6,80	46,59	914,23	400,90	778,80	316,27	311,17	75,68	233,89	90,79	26,10	32,33	14,10	11,38	3,59	53,76	34,97	238,93	42,51
1020	0	3,82	126,81	108,45	14,64	164,99	3,25	3,25	24,02	3,25	184,83	16,13	16,27	56,22	16,55	22,33	1217,68	322,86	410,99	498,49	518,65	76,03	267,07	64,70	21,81	197,82	21,06	36,18	50,07	68,83	56,77	193,11	42,06
1021	1	3,86	156,49	131,56	3,25	3,25	3,25	3,25	17,64	22,74	192,88	82,03	18,08	45,09	12,13	42,46	2098,64	659,10	780,29	424,38	727,50	69,76	461,99	73,87	20,97	311,84	36,19	134,02	16,63	120,57	64,05	217,94	187,80
1022	1	3,95	138,63	109,92	3,25	3,25	3,25	3,25	12,77	9,49	133,13	3,25	7,60	15,56	6,29	38,92	1837,10	517,83	563,84	499,23	450,68	58,82	196,92	100,43	20,56	229,81	20,74	15,35	6,52	41,17	27,87	81,28	43,87
1023	1	4,03	24,31	21,09	3,25	3,25	3,25	3,25	9,71	50,35	24,25	3,25	6,24	18,79	6,47	43,74	532,23	304,82	310,81	262,87	105,95	37,71	172,64	70,73	20,68	16,06	12,78	13,66	3,74	22,91	23,73	58,87	17,86
1024	1	4,05	33,27	23,54	3,25	3,25	3,25	3,25	14,30	3,25	36,93	12,69	12,78	15,59	6,71	34,10	1437,61	431,51	871,77	460,98	335,79	93,36	172,17	83,76	23,82	70,69	41,20	124,74	6,25	91,66	49,77	317,57	66,93
1025	1	4,08	51,91	32,41	21,22	184,83	7,62	12,26	41,23	24,36	168,27	46,05	39,33	41,18	11,01	31,40	1283,28	421,05	581,28	407,85	328,76	70,25	163,26	64,62	19,00	49,40	14,55	11,72	27,87	74,93	54,69	158,18	57,65
1026	0	4,16	19,92	17,36	3,25	3,25	3,25	3,25	6,12	14,54	16,14	9,22	7,28	16,32	5,66	24,93	678,80	335,36	247,89	346,57	219,05	42,37	160,74	41,62	19,46	24,43	3,25	14,62	3,98	62,50	46,67	58,61	32,72
1027	1	4,19	19,49	17,01	3,25	3,25	3,25	3,25	3,25	11,58	14,81	3,25	6,55	13,26	5,72	32,15	1393,07	470,01	568,27	487,58	342,82	73,59	228,92	54,42	18,62	32,65	3,25	11,57	7,14	49,00	37,49	110,01	45,81
1028	0	4,38	298,88	143,14	25,88	212,81	9,25	17,84	69,15	24,89	234,36	3,25	25,82	39,55	10,75	127,17	3242,38	1084,46	1428,02	880,58	711,98	185,96	456,45	293,65	46,81	281,88	23,23	23,54	11,09	112,89	97,33	336,06	225,98
1029	1	4,44	122,91	112,22	17,38	3,25	3,25	3,25	9,69	3,25	142,56	3,25	12,48	23,36	7,10	47,34	1638,36	556,49	544,66	366,86	349,71	53,89	244,24	95,72	23,11	172,81	17,36	182,45	3,65	54,69	44,11	102,73	87,50
1030	1	4,51	158,76	129,94	3,25	3,25	3,25	3,25	15,72	39,95	169,16	27,37	53,91	24,10	7,92	50,38	3742,64	1034,32	1122,82	690,97	787,32	95,07	427,75	124,16	23,59	199,34	22,84	82,13	5,34	329,76	139,65	281,36	130,96
1031	0	4,53	601,24	176,42	3,25	211,71	3,25	3,25	156,49	3,25	205,74	117,98	39,33	70,76	53,38	64,66	1706,82	598,97	2522,65	517,91	455,59	186,19	430,38	170,62	30,64	358,58	31,63	16,31	8,64	43,15	33,51	259,46	61,71
1032	1	4,65	219,45	148,39	15,73	201,86	10,17	10,58	50,12	71,58	155,40	3,25	8,89	20,29	7,61	110,84	1884,28	419,97	701,04	553,99	508,76	65,50	236,66	157,76	32,94	262,62	25,27	14,86	3,89	175,91	74,72	423,77	98,71
1033	1	4,66	157,90	115,93	3,25	3,25	3,25	3,25	11,66	55,55	159,20	3,25	6,82	17,19	7,56	107,52	1204,56	407,45	706,04	556,76	469,13	88,07	273,88	206,89	52,96	187,94	16,62	12,84	3,52	103,12	57,02	336,83	56,73
1034	1	4,75	199,08	133,88	16,61	165,27	9,70	9,08	71,69	38,08	202,90	16,66	27,47	34,83	10,36	64,45	3945,83	782,05	1196,48	861,65	821,67	108,88	179,23	134,19	26,43	235,49	25,97	16,08	7,45	171,27	78,91	274,83	110,21
1035	1	4,77	83,39	83,85	13,10	3,25	4,78	5,67	14,52	26,54	148,52	24,28	31,91	44,91	15,37	36,13	3844,44	860,29	1006,47	1058,63	491,43	137,40	163,98	45,25	15,64	196,35	18,61	58,72	26,32	105,73	58,60	151,94	94,36
1036	1	4,91	143,44	128,63	3,25	3,25	7,73	8,41	16,23	18,59	154,66	12,28	17,68	9,62	5,92	48,88	3270,59	849,91	676,93	764,22	553,70	85,16	199,17	85,55	21,72	202,72	25,74	51,25	32,55	261,18	134,06	249,31	110,57
1037	1	5,07	128,69	108,89	3,25	3,25	3,25	3,25	8,71	27,15	135,03	3,25	5,99	10,48	5,50	35,95	1243,26	447,49	488,90	412,54	273,57	59,14	144,73	71,51	19,28	170,21	14,42	14,49	20,00	77,96	52,54	178,73	39,33
1038	1	5,08	537,72	282,97	31,32	242,38	15,11	20,26	146,97	68,97	335,62	11,07	36,85	56,58	16,52	115,82	5322,85	1288,88	2124,88	1213,13	869,13	209,44	286,63	230,56	35,98	378,03	35,83	98,72	17,58	273,74	168,96	618,65	196,59
1039	1	5,09	219,83	146,43	76,88	302,49	9,74	27,00	104,67	18,50	210,88	43,30	83,51	20,23	7,75	66,62	2303,69	1046,70	2166,54	654,85	703,19	239,74	462,91	127,99	40,58	334,26	23,10	37,96	10,50	65,10	104,95	430,89	64,47
1040	0	5,10	106,78	61,01	3,25	3,25	5,37	3,25	16,01	21,39	163,87	6,38	38,93	31,58	14,00	76,00	2302,23	1181,29	1689,15	722,93	427,06	287,77	214,47	422,16	50,33	190,87	12,56	17,75	58,23	170,56	237,89	1278,37	229,99
1041	0	5,35	125,33	106,45	14,71	3,25	3,25	3,25	9,41	60,46	147,46	3,25	12,84	31,70	8,70	123,20	4690,59	1182,51	2232,36	982,70	871,61	222,44	584,42	137,72	44,83	194,98	18,05	16,66	4,88	270,08	167,08	840,04	117,83
1042	1	5,44	135,73	106,37	3,25	3,25	3,25	3,25	9,80	17,86	143,34	3,25	8,76	22,41	8,65	113,53	3840,07	928,51	1704,00	857,37	775,84	147,28	355,59	99,03	30,46	249,68	26,20	42,15	5,41	103,83	72,71	342,43	108,03
1043	0	5,55	261,12	205,94	27,40	179,00	12,02	47,93	66,10	27,01	257,35	19,50	47,06	46,74	10,96	45,80	2641,22	810,80	1007,24	850,59	606,09	138,45	388,62	137,54	27,17	320,99	22,57	19,80	9,99	82,42	79,95	219,58	108,68
1044	1	5,59	170,57	136,02	3,25	3,25	7,28	9,97	28,04	66,20	139,98	3,25	8,28	24,50	8,44	53,99	2174,07	582,53	914,39	623,99	507,29	88,84	265,10	88,72	22,48	275,78	21,82	15,02	4,01	64,87	38,91	234,42	76,68
1045	0	5,65	132,03	112,47	17,62	3,25	3,25	8,32	16,15	67,36	152,00	14,07	18,86	22,92	9,44	74,35	3473,75	928,67	2272,90	954,25	838,14	197,62	389,98	204,18	25,82	251,36	35,98	180,91	7,22	182,09	78,55	772,25	110,60
1046	0	5,71	170,60	141,74	19,80	177,52	7,53	12,50	58,88	20,15	233,32	66,99	34,61	29,31	8,40	57,74	3825,79	988,67	1184,68	851,71	1027,96	129,39	489,42	185,93	29,59	292,79	38,17	206,32	10,50	113,65	62,68	243,51	129,27
1047	1	5,75	249,09	130,90	3,25	3,25	3,25	3,25	19,36	40,61	186,77	3,25	6,89	29,23	11,90	39,65	1695,13	448,87	1072,66	766,22	525,60	122,17	368,96	66,78	19,98	334,32	29,78	17,29	9,70	42,13	24,84	108,53	38,94
1048	1	5,76	217,43	189,77	14,73	175,18	9,13	3,25	48,26	59,34	288,26	3,25	11,25	63,49	10,30	74,09	3694,77	1004,96	935,67	772,98	762,80	147,13	262,83	191,18	26,79	262,39	23,04	17,24	102,63	211,07	156,46	274,88	169,05
1049	0	5,79	140,44	141,79	16,62	3,25	3,25	7,30	11,86	10,40	165,86	15,87	35,53	27,89	10,92	54,35	2693,22	707,15	1315,64	645,58	482,62	124,38	200,38	119,30	27,11	238,76	25,96	234,82	10,93	121,29	78,92	352,26	112,26
1050	0	5,81	156,19	119,22	15,11	3,25	3,25	7,87	10,78	31,77	202,05	3,25	12,03	10,32	5,54	130,86	2879,28	768,89	1331,61	933,61	774,85	131,26	464,29	137,17	43,77	212,28	17,83	83,19	7,06	138,85	74,67	404,17	48,47
1051	1	5,83	121,97	85,98	8,68	101,06	5,73	7,45	66,36	25,59	162,58	32,61	31,52	58,41	15,63	51,17	2547,69	714,36	1096,36	573,69	321,86	115,98	144,49	83,62	20,73	253,46	32,73	240,73	15,76	82,36	66,71	188,43	139,06
1052	1	5,84	131,48	110,26	3,25	3,25	3,25	3,25	8,23	24,08	127,33	3,25	9,81	18,65	7,20	42,76	1477,92	421,90	736,94	563,81	502,55	80,17	245,71	55,24	24,64	187,31	17,39	34,45	9,73	96,59	52,03	275,55	63,75
1053	1	5,87	196,10	127,60	3,25	198,57	7,68	10,10	81,17	41,62	231,30	3,25	10,18	72,53	18,99	159,04	1868,58	699,60	1522,30	741,34	547,62	232,35	408,77	187,11	56,23	333,62	25,48	15,97	17,26	96,41	90,12	457,38	125,01
1054	1	5,89	409,76	248,16	41,82	256,11	13,62	27,27	91,16	85,54	238,69	16,43	30,67	51,37	12,38	54,42	2006,64	594,51	983,34	638,18	553,25	147,85	347,11	149,65	22,85	379,43	34,89	32,93	9,43	52,96	46,11	140,22	71,79
1055	1	5,99	157,63	139,45	3,25	3,25	3,25	3,25	9,78	37,92	152,48	17,85	17,48	27,03	10,54	94,43	3089,37	837,01	2151,30	717,03	754,09	139,85	531,61	187,61	30,87	236,69	24,04	94,34	6,09	204,34	101,54	724,29	101,12
1056	0	6,00	131,10	102,01	3,25	3,25	3,25	3,25	8,16	3,25	133,87	3,25	10,02	9,62	5,88	26,60	822,48	368,43	797,39	343,53	289,13	76,89	226,78	84,84	19,13	218,05	28,02	137,18	4,76	46,20	30,52	148,84	42,18
1057	1	6,05	216,67	167,47	37,26	189,99	8,85	22,06	36,86	57,11	209,23	48,29	80,43	30,51	9,28	54,89	3378,39	996,37	1407,40	868,84	706,04	120,79	302,56	105,44	23,24	274,88	42,66	190,52	10,96	106,14	87,56	342,02	71,22
1058	1	6,07	213,51	174,99	28,56	175,65	7,76	14,89	25,22	17,68	251,47	32,52	41,49	13,53	6,41	46,93	4086,28	1103,45	1243,15	1118,92	885,89	139,33	467,78	79,19	24,74	325,09	45,73	287,46	9,63	127,25	93,01	277,67	157,14
1059	0	6,15	107,41	97,86	22,12	84,15	4,73	10,64	17,52	14,72	128,88	30,34	23,03	17,43	4,82	36,71	1282,52	547,76	561,90	486,66	415,24	112,97	356,27	106,32	20,58	181,98	10,89	17,84	4,91	68,12	52,38	165,93	61,35
1060	0	6,34	222,16	162,09	21,60	3,25	10,79	12,40	33,07	34,07	216,05	35,47	37,80	39,01	9,00	103,00	2936,84	1181,29	1110,15	823,39	553,49	208,51	371,21	317,21	59,02	313,72	41,13	218,91	22,75	151,92	114,44	390,07	253,98
1061	0	6,48	170,35	126,04	10,21	78,17	6,56	8,05	14,26	41,14	136,66	6,86	21,69	16,11	5,86	45,90	2047,80	625,97	733,00	703,28	543,19	145,39	286,21	201,02	43,22	176,19	16,06	116,05	5,02	151,60	108,18	441,67	78,78
1062	0	6,52	417,51	257,02	159,39	321,10	17,77	50,49	116,92	33,40	332,82	141,84	137,94	46,22	12,07	65,01	4167,82	840,84	1723,36	1315,21	1018,98	207,42	521,46	260,20	37,87	475,34	54,41	107,66	12,44	238,58	127,27	590,11	110,14
1063	1	6,59	270,59	227,29	20,18	3,25	9,91	12,97	44,42	171,65	283,28	3,25	35,35	58,02	12,95	74,24	7737,60	1463,03	1355,14	1371,21	1128,90	139,56	414,50	139,95	22,89	325,68	26,15	20,72	17,84	315,70	151,32	372,43	125,07
1064	0	6,60	135,65	112,84	3,25	3,25	3,25	3,25	13,86	22,91	137,29	3,25	6,19	14,87	6,86	73,06	1932,33	590,30	1273,33	718,94	341,86	134,97	175,30	94,30	28,68	178,37	17,58	130,01	4,13	55,64	38,01	179,70	31,17
1065	1	6,66	385,09	271,86	3,25	221,08	13,01	3,25	103,28	63,98	211,90	3,25	8,30	30,44	8,22	76,84	2587,09	729,08	895,50	531,90	486,65	83,13	176,11	111,75	26,05	285,16	22,96	15,89	7,60	109,78	76,90	226,40	87,62
1066	1	6,73	718,73	464,26	76,53	298,12	17,15	84,72	250,91	52,16	279,68	108,17	101,31	17,85	7,30	62,67	3372,24	1030,26	1500,73	767,13	818,04	158,44	528,33	115,44	25,86	495,32	39,04	25,36	10,94	97,29	78,32	296,49	72,60
1067	1	6,74	713,05	442,23	41,92	233,19	33,74	70,68	142,69	92,39	496,69	267,98	550,23	156,17	18,27	305,36	12029,10	3340,09	5038,28	3358,50	2674,73	635,06	1538,54	1380,73	162,00	939,11	59,29	44,30	27,21	867,89	522,44	3123,97	555,29
1068	1	6,76	322,54	237,01	30,17	193,07	12,01	29,32	66,87	80,53	309,80	70,79	82,49	22,52	7,60	134,25	7498,10	2419,87	2855,47	2068,75	1873,39	394,93	1624,90	447,78	46,94	521,99	28,86	32,41	12,24	256,67	196,86	707,02	249,50
1069	0	6,76	250,16	177,94	18,54	173,25	8,17	23,73	48,70	25,46	270,32	41,20	30,23	46,16	10,58	65,75	3121,80	1265,51	1168,50	1105,55	716,30	244,95	281,17	277,55	43,01	365,44	27,03	26,63	158,97	113,76	98,69	309,44	215,85
1070	1	6,87	282,95	218,75	19,43	3,25	10,40	11,44	25,72	31,37	237,25	29,10	33,21	68,97	12,25	67,94	6327,94	1369,27	1347,45	1566,45	949,37	224,17	319,70	331,72	33,13	538,02	56,35	433,10	22,21	276,64	158,74	350,07	188,33
1071	1	6,96	333,79	289,00	37,56	179,37	13,13	18,12	33,28	90,31	236,63	40,15	89,63	51,06	9,57	79,47	4419,01	1433,05	1280,63	1646,76	949,41	225,40	346,27	191,73	42,29	385,85	29,15	298,28	9,40	339,60	217,09	537,38	123,46
1072	1	6,99	296,64	293,11	68,45	207,34	11,36	39,18	63,31	57,59	316,70	104,73	88,67	25,33	8,32	31,69	1695,25	569,39	736,28	634,79	480,70	100,12	173,49	64,11	22,33	276,31	33,29	164,09	14,64	49,42	64,76	119,19	53,46
1073	1	7,00	100,31	88,48	16,12	96,83	6,66	7,26	23,44	31,17	92,35	7,83	7,77	11,78	4,70	38,80	933,50	258,62	331,00	346,86	242,60	44,09	99,76	81,19	27,95	148,21	24,26	98,45	3,59	69,15	42,56	143,58	32,32
1074	1	7,06	593,75	288,10	48,33	297,38	21,39	47,18	138,29	105,20	303,18	73,68	85,58	68,71	18,33	203,31	4337,99	1166,50	2363,28	1712,35	1287,66	346,44	864,13	522,23	89,40	882,15	70,34	58,68	20,81	294,96	229,76	1132,09	158,85
1075	1	7,06	90,50	74,38	8,85	78,44	3,30	4,15	8,41	12,50	90,57	2,16	4,63	8,98	3,56	25,54	1041,48	285,55	390,89	484,12	365,50	61,29	228,50	88,28	15,19	122,47	9,76	21,43	5,42	45,27	27,22	84,40	36,64
1076	0	7,07	729,22	280,46	33,18	199,70	22,23	32,67	79,98	213,00	368,10	20,49	114,98	52,20	21,29	99,25	4628,26	1082,46	2424,78	1307,29	884,18	244,26	505,58	314,68	45,20	543,87	61,89	81,04	10,96	195,67	137,04	507,53	110,50
1077	1	7,07	100,74	77,99	8,92	78,30	4,95	6,03	14,07	14,18	93,36	4,95	6,85	11,27	4,16	36,25	1236,45	328,16	348,41	385,22	351,04	56,16	226,65	76,16	21,79	118,33	11,61	10,14	5,59	90,73	51,24	160,38	37,73
1078	0	7,10	3,25	3,25	3,25	158,73	3,25	3,25	28,62	10,44	139,93	9,03	12,90	20,35	9,12	44,47	1372,20	581,50	1196,14	382,83	374,07	154,72	333,52	174,66	32,01	221,26	17,77	14,30	7,70	35,89	46,52	206,81	58,01
1079	0	7,12	300,67	234,71	22,57	65,61	14,47	26,36	61,20	76,03	324,74	69,99	86,67	78,58	13,01	47,90	3749,75	867,55	968,45	1034,85	874,48	120,69	368,99	131,44	25,49	327,54	29,76	59,30	19,11	105,22	67,43	156,78	88,62
1080	0	7,12	318,22	186,38	21,26	3,25	9,55	28,07	50,60	17,14	187,79	51,36	45,35	24,59	11,31	35,60	1803,35	556,90	1159,32	625,75	509,51	120,75	357,02	71,80	21,27	329,54	37,51	128,99	5,79	65,13	45,35	251,66	59,65
1081	1	7,14	211,79	196,26	29,57	186,33	6,61	14,68	25,55	50,32	158,97	3,25	17,76	22,94	6,86	50,41	2216,88	628,69	764,92	618,96	553,59	98,71	289,39	103,84	21,15	275,53	27,44	76,79	4,41	89,78	53,46	145,97	42,29
1082	1	7,27	332,60	189,21	3,25	163,60	7,85	3,25	28,72	44,35	327,07	3,25	7,05	43,67	11,23	88,73	2272,68	594,98	1241,81	853,26	639,86	168,35	411,03	169,33	30,81	296,46	25,16	118,21	9,05	57,48	39,87	215,65	87,99
1083	1	7,42	172,57	168,69	3,25	3,25	6,52	10,77	17,55	54,13	159,32	3,25	6,96	24,97	7,03	52,37	1917,90	586,50	614,01	682,82	406,24	88,91	165,57	69,49	20,23	224,47	20,26	37,78	8,18	76,37	55,40	147,92	56,33
1084	0	7,50	158,15	119,46	3,25	157,42	5,46	3,25	12,22	58,06	145,02	3,25	5,96	25,05	9,02	62,27	1871,98	624,70	853,45	489,40	477,25	86,50	372,98	128,86	24,44	202,60	17,27	15,08	4,50	116,10	62,08	365,63	76,47
1085	1	7,50	389,47	285,34	16,23	169,46	10,03	17,93	31,60	75,72	330,56	3,25	22,90	28,17	10,88	41,20	2165,29	600,51	1287,77	779,34	403,07	105,11	205,56	60,79	23,78	236,31	33,48	108,90	4,53	87,49	57,49	305,82	29,40
1086	1	7,51	172,03	125,32	3,25	3,25	3,25	3,25	15,79	27,12	174,69	3,25	3,25	31,87	9,57	82,32	1878,24	682,00	921,18	555,50	427,26	109,10	308,75	113,72	32,96	259,42	24,51	70,99	7,83	72,08	55,59	294,54	67,65
1087	1	7,69	52,81	39,70	3,25	3,25	3,25	3,25	6,59	10,62	29,11	3,25	3,25	13,57	6,04	47,20	582,69	284,25	345,09	309,26	101,35	46,18	148,93	56,41	19,98	36,20	16,99	45,39	5,36	3,25	15,09	28,88	22,47
1088	1	7,80	322,61	188,26	3,25	3,25	3,25	3,25	23,03	23,16	229,21	3,25	6,56	25,10	9,26	52,91	1780,84	482,76	606,06	715,14	388,22	73,96	163,20	61,07	23,01	210,38	22,54	67,64	6,70	71,37	40,06	110,28	45,25
1089	1	7,92	396,08	362,40	39,99	195,24	15,14	31,04	64,80	49,49	323,03	35,75	39,04	41,07	8,67	51,08	2975,18	957,44	980,66	938,22	604,07	127,78	220,04	184,39	27,69	496,99	43,54	335,79	19,98	107,77	85,27	218,89	54,68
1090	1	7,96	367,88	334,28	27,33	163,46	12,44	19,04	51,59	58,54	265,70	32,85	55,19	47,42	11,85	99,35	4818,06	1159,15	1072,72	1397,13	882,68	194,98	264,90	69,74	55,87	481,33	79,33	680,93	27,11	361,65	201,57	493,96	201,66
1091	1	7,97	147,63	149,57	17,30	3,25	6,41	11,08	16,89	21,12	161,40	7,41	17,43	17,89	12,54	48,72	1929,21	696,14	495,19	872,43	497,28	131,90	318,74	75,12	31,77	221,47	19,82	168,30	7,39	80,78	72,93	193,76	69,93
1092	1	7,98	234,85	133,51	18,09	99,88	13,77	10,51	23,23	45,40	188,90	12,99	29,86	25,78	7,88	86,20	2609,79	671,96	1001,30	941,63	745,69	155,60	178,26	243,10	73,64	259,56	24,70	113,97	7,99	234,87	167,00	468,74	85,41
1093	0	8,03	375,32	258,75	22,24	181,10	11,92	16,84	43,05	40,69	255,59	3,25	13,71	17,99	7,94	69,58	3169,83	781,92	1079,34	806,96	621,63	107,46	222,36	72,57	21,96	375,21	41,49	167,90	11,45	209,51	130,06	291,43	62,37
1094	1	8,03	39,41	32,28	3,25	3,25	3,25	3,25	10,00	63,63	138,90	3,25	6,26	21,26	7,01	62,84	1684,01	383,88	466,28	672,91	409,77	54,61	172,44	129,35	26,87	50,93	26,77	54,86	4,21	97,64	35,29	137,81	54,74
1095	0	8,04	265,27	241,44	19,53	171,08	9,77	21,12	54,87	38,78	230,67	33,34	29,42	22,82	6,81	36,31	1052,61	554,10	465,66	400,24	357,19	80,23	219,30	89,50	25,66	255,93	31,98	162,92	4,37	40,36	56,11	119,90	83,78
1096	1	8,05	784,34	434,61	93,78	308,32	30,52	44,35	116,85	93,86	372,44	87,95	128,59	92,94	23,62	93,64	5615,46	1719,12	2481,88	1533,62	1285,70	325,73	909,33	335,34	44,22	1161,37	80,62	85,41	21,99	263,44	199,85	724,92	192,53
1097	1	8,06	723,65	557,00	35,10	184,16	17,19	20,86	32,01	155,68	343,74	3,25	34,31	44,06	10,90	140,68	3075,40	713,94	797,38	1280,77	780,08	125,96	319,24	274,75	65,20	424,25	48,79	161,00	5,65	309,48	162,52	552,01	100,99
1098	0	8,08	300,98	145,91	20,67	171,39	13,91	24,40	75,24	34,13	213,46	73,26	64,20	38,46	15,96	56,94	1192,06	482,90	1175,03	592,47	341,21	156,04	286,46	173,52	54,11	314,97	38,37	61,69	8,97	59,77	48,71	365,56	75,79
1099	0	8,10	23,58	20,51	15,50	168,17	3,25	7,74	32,48	9,79	152,90	13,15	13,27	21,81	7,75	40,42	1008,08	402,32	451,31	358,78	324,59	66,90	259,96	127,21	24,21	42,91	16,82	32,06	6,29	43,20	32,85	85,85	47,05
1100	1	8,13	190,44	156,61	17,27	98,90	8,90	9,35	42,60	47,98	145,40	15,82	15,05	7,53	3,70	38,51	1290,20	323,80	365,30	408,41	414,14	54,11	181,68	93,17	20,77	157,45	14,68	18,86	3,27	155,01	85,64	218,12	47,55
1101	0	8,16	294,16	253,62	19,30	178,64	11,52	13,82	61,06	142,78	235,25	3,25	26,58	47,69	11,03	151,05	3185,18	756,30	967,44	814,50	596,58	106,15	309,98	201,01	55,64	455,79	57,24	136,84	9,02	202,94	160,85	379,05	90,06
1102	1	8,16	466,34	259,10	35,96	183,23	11,28	22,93	45,94	48,29	292,98	3,25	30,52	42,13	11,57	81,30	3786,37	1176,55	1779,41	1338,13	764,35	216,52	220,00	133,78	33,93	389,60	30,93	21,65	9,40	184,63	131,76	430,73	99,23
1103	1	8,21	237,20	197,05	3,25	162,52	3,25	3,25	34,08	16,73	183,17	3,25	3,25	21,30	6,53	74,91	1771,68	547,25	546,97	605,91	514,11	84,29	343,38	72,34	22,65	258,82	23,00	73,18	6,55	45,46	29,75	75,24	58,48
1104	1	8,23	511,99	219,55	20,22	210,92	13,64	24,61	109,03	99,28	339,87	10,12	50,69	31,49	12,52	52,24	3610,43	611,08	1522,94	1023,56	767,69	113,12	387,86	78,96	24,22	411,90	65,83	256,45	9,36	89,36	46,57	157,15	34,84
1105	1	8,25	326,17	264,58	20,85	43,50	13,75	16,34	36,14	56,42	291,95	8,23	35,03	44,71	11,24	43,55	2127,81	536,43	1058,93	758,26	554,27	92,11	285,67	87,59	27,94	304,96	39,86	90,22	6,91	99,97	51,20	210,61	49,27
1106	0	8,28	80,06	86,78	11,02	80,60	5,21	9,18	16,69	41,80	93,16	16,31	9,53	4,78	2,58	49,58	1324,79	398,68	624,18	459,68	487,74	87,21	195,97	172,47	30,30	189,18	43,23	382,41	5,96	92,02	68,27	219,78	54,64
1107	0	8,30	173,00	180,51	23,92	167,47	11,05	14,34	39,30	46,17	216,23	48,94	39,19	35,81	8,62	67,21	2079,34	1074,71	785,31	593,02	333,11	137,56	215,30	206,71	52,51	242,68	20,47	145,70	7,09	208,61	178,62	602,57	104,06
1108	1	8,35	137,28	120,63	3,25	3,25	3,25	6,99	8,32	15,26	134,01	3,25	9,68	14,10	6,15	35,59	1070,14	400,63	428,37	443,69	285,85	58,83	186,51	66,80	25,32	183,84	22,61	85,36	3,63	51,26	38,21	119,33	34,82
1109	1	8,42	697,93	301,00	25,15	235,58	23,37	31,69	188,02	97,00	380,78	25,58	82,00	61,21	22,42	98,63	5995,28	1472,97	2711,90	1825,23	1415,27	332,06	756,86	207,76	35,41	565,18	44,57	91,47	8,66	406,14	213,56	1141,63	201,08
1110	0	8,44	269,49	179,18	101,78	212,36	12,34	52,73	59,41	119,10	196,44	8,48	75,16	21,09	7,91	55,03	2112,35	652,54	1053,26	946,31	475,12	130,52	313,97	65,81	27,84	211,86	18,76	12,77	7,38	124,11	63,53	275,30	32,57
1111	0	8,52	521,11	325,17	57,23	207,81	11,85	29,96	167,82	23,79	246,38	7,03	50,24	27,64	7,41	46,15	2621,43	822,92	764,19	1041,58	567,11	121,59	188,39	71,34	26,71	333,42	24,27	20,21	13,85	110,51	74,07	140,03	61,68
1112	1	8,55	167,81	136,20	15,97	260,18	7,14	8,31	49,67	58,97	157,59	3,25	6,91	18,79	6,59	36,51	1353,20	427,82	490,90	297,59	388,09	41,57	199,92	63,70	17,67	225,00	17,23	16,71	4,04	43,33	29,72	92,25	35,70
1113	0	8,56	305,97	351,43	28,61	242,26	11,33	29,66	230,18	86,84	193,51	3,25	22,80	32,88	7,73	136,96	3752,75	1289,60	1096,36	1144,59	796,02	249,47	636,46	283,73	43,15	446,65	22,04	33,18	7,32	153,97	124,12	361,32	116,34
1114	0	8,60	637,40	287,69	151,50	360,27	20,98	53,95	144,19	135,16	246,80	13,11	46,51	38,58	12,31	83,97	4495,45	1028,28	1911,54	1398,26	663,45	177,15	225,10	118,76	26,42	588,98	74,58	118,03	23,20	225,42	106,00	392,97	58,95
1115	1	8,62	536,32	369,26	28,63	200,56	14,73	37,62	77,43	83,16	289,92	3,25	69,33	31,80	8,27	98,78	2615,88	759,75	731,71	1027,73	529,89	119,11	186,06	159,41	42,16	286,63	32,04	208,12	5,10	197,01	141,94	213,66	77,36
1116	1	8,68	696,36	374,80	35,59	184,18	12,45	14,75	28,85	113,12	418,73	3,25	17,24	13,65	7,67	73,50	2415,36	702,43	899,24	845,35	512,38	104,54	190,29	86,03	33,59	290,14	40,66	211,12	8,61	160,99	81,21	203,62	43,78
1117	1	8,73	260,64	148,01	20,25	165,70	10,18	12,26	29,76	16,81	205,90	10,72	16,07	36,32	11,95	48,35	1506,56	458,47	1006,78	700,71	429,88	113,06	236,53	124,61	28,18	293,11	59,94	129,37	8,36	55,38	33,72	163,62	55,24
1118	1	8,79	338,02	194,30	56,47	186,13	8,87	25,43	74,86	10,55	153,78	7,33	13,03	10,70	6,27	39,79	788,53	314,50	493,22	408,89	231,56	54,04	131,51	64,76	24,08	237,73	23,23	70,60	26,75	25,48	22,20	41,55	23,12
1119	1	8,84	256,99	214,35	20,37	242,69	9,45	14,38	109,64	89,03	205,78	3,25	15,88	23,48	7,47	41,81	1596,70	449,48	622,02	567,91	622,64	64,71	251,49	79,07	20,23	312,08	49,21	143,80	6,14	74,54	33,51	75,76	38,27
1120	1	8,91	788,05	307,52	50,66	284,53	21,47	66,90	250,42	76,72	368,11	119,21	137,74	67,94	17,55	119,65	4552,67	1831,70	5090,41	1460,73	1102,05	496,94	441,13	219,12	64,88	1233,54	152,57	607,25	15,88	204,82	215,82	1533,10	127,43
1121	1	8,92	531,14	290,05	37,51	109,37	19,77	38,89	89,89	64,91	238,51	36,09	82,17	26,89	6,99	51,87	1968,03	568,12	757,13	776,56	577,89	136,93	361,52	106,72	33,03	335,57	22,92	17,68	10,02	167,70	145,89	407,39	41,02
1122	1	8,99	153,72	113,23	17,36	98,47	8,17	8,80	54,00	9,58	111,85	6,64	14,06	4,43	2,76	34,87	1109,27	347,53	478,15	562,78	338,13	82,17	185,25	85,55	21,55	154,23	16,22	67,48	4,89	51,00	39,20	112,39	20,43
1123	1	9,03	269,88	188,30	25,91	97,81	10,17	14,35	41,70	42,43	166,18	28,28	35,69	23,44	6,96	79,28	3070,29	799,81	1249,89	1181,79	661,94	234,25	384,11	379,65	46,37	376,26	43,33	133,85	8,97	171,38	122,85	444,61	78,08
1124	1	9,04	501,91	288,00	16,08	173,22	10,80	15,48	103,81	57,42	217,02	3,25	8,96	27,94	8,50	46,31	1838,25	611,33	865,36	914,31	441,96	137,41	188,28	63,31	20,73	277,67	26,46	62,15	23,32	61,93	43,57	142,94	26,40
1125	0	9,05	357,75	494,23	118,53	474,84	24,52	62,20	160,42	3,25	258,29	83,63	77,46	35,44	7,62	46,63	3481,55	718,06	771,65	1143,18	738,40	116,54	378,70	128,20	21,59	334,99	41,28	174,80	9,69	121,35	73,42	155,30	56,34
1126	1	9,06	576,14	562,65	33,80	292,31	11,40	30,71	156,10	109,17	307,23	10,14	13,19	35,06	8,05	97,95	3597,23	842,77	751,45	1053,87	716,07	134,79	348,94	270,62	30,14	421,09	37,24	248,40	6,64	116,64	64,38	178,20	67,96
1127	1	9,09	630,86	381,42	19,92	274,77	18,65	28,31	188,58	84,40	321,77	3,25	20,52	41,77	11,98	60,21	1939,56	484,94	798,83	683,59	436,87	89,62	203,49	118,74	21,87	453,45	49,08	177,94	15,69	55,56	46,78	109,38	39,86
1128	1	9,11	271,78	228,85	27,06	128,92	9,07	14,31	68,39	34,81	172,96	19,00	33,84	23,44	5,37	41,26	2156,17	640,09	623,46	756,75	510,76	126,39	316,03	149,81	17,61	258,27	22,90	181,31	4,99	117,68	112,69	201,98	54,26
1129	1	9,13	195,83	117,55	22,68	91,48	6,81	17,85	25,45	21,51	156,45	12,08	37,50	9,50	4,70	63,82	1874,88	637,53	841,66	1087,76	462,96	201,60	186,85	110,76	60,20	210,57	22,46	135,72	9,87	131,61	121,11	390,59	50,40
1130	1	9,15	452,70	251,79	21,33	237,97	14,65	18,91	77,66	70,82	260,21	3,25	10,84	58,05	17,83	123,16	3763,83	869,40	1464,86	1156,67	919,33	148,61	532,30	119,87	40,16	507,68	39,99	46,66	11,70	176,72	85,89	443,60	72,77
1131	0	9,17	349,39	184,97	37,70	252,92	15,10	40,81	141,58	25,59	221,19	117,67	74,47	36,86	13,92	52,24	3325,65	945,73	1495,02	1262,87	488,27	229,80	236,19	214,00	35,52	401,39	30,58	20,28	9,12	253,42	145,54	638,83	258,72
1132	1	9,20	837,28	545,49	73,00	387,66	21,14	47,14	256,54	98,06	726,12	102,83	159,28	58,31	21,69	67,26	3903,16	1344,43	1687,76	2091,77	1260,46	335,02	477,78	123,14	39,78	856,97	117,77	439,51	18,79	398,96	296,35	829,98	88,64
1133	1	9,25	514,76	386,74	30,69	177,87	12,41	23,45	56,76	82,03	518,28	39,62	41,83	44,86	12,01	48,10	2585,79	544,76	963,07	894,00	572,37	98,76	204,53	93,06	25,74	366,66	88,18	210,94	49,51	160,39	74,46	279,42	53,63
1134	1	9,25	503,35	190,66	23,31	157,35	13,44	23,74	32,71	24,11	216,03	16,52	24,08	27,94	10,78	38,03	833,92	315,67	589,41	567,48	291,44	94,47	229,96	93,16	30,57	268,26	24,52	13,11	4,50	45,55	32,79	133,56	23,55
1135	1	9,32	403,36	291,31	44,38	223,58	13,49	22,78	83,08	42,57	228,27	18,41	44,43	29,78	8,10	41,76	2369,69	700,39	766,72	722,59	618,00	100,10	234,39	87,88	26,87	338,11	31,11	160,72	4,58	74,48	59,31	173,66	64,87
1136	1	9,36	322,17	250,38	42,87	262,74	12,95	27,82	74,85	67,70	257,96	7,90	27,91	40,53	9,06	45,51	1886,71	533,47	578,70	711,47	438,68	99,79	360,43	77,16	25,24	262,58	20,84	19,42	7,15	91,57	51,20	124,57	64,91
1137	1	9,52	634,19	313,56	92,21	609,17	21,81	29,23	266,38	83,44	251,08	3,25	21,60	34,37	14,80	52,91	1682,55	495,97	723,10	469,01	409,26	77,21	223,57	152,97	20,62	463,92	51,93	185,07	7,50	75,15	40,86	198,52	39,61
1138	0	9,59	302,87	190,59	3,25	3,25	7,77	3,25	14,09	35,78	189,39	3,25	3,25	17,30	7,27	45,75	1286,39	491,33	603,18	533,86	340,14	62,34	156,10	3,25	23,15	192,80	23,43	54,69	3,69	65,74	42,54	103,62	24,79
1139	1	9,59	467,29	309,56	33,80	210,46	12,53	18,62	45,35	149,93	422,16	19,43	82,12	63,65	20,36	81,11	6573,61	1417,69	2219,20	1146,26	946,42	164,98	361,43	211,77	26,60	421,54	73,57	128,50	15,86	342,25	180,74	728,21	159,24
1140	1	9,61	348,87	270,28	18,80	172,43	10,74	17,40	46,53	72,45	286,63	16,38	27,57	19,72	8,35	52,39	1460,23	586,21	773,70	625,90	438,96	119,74	220,57	97,34	27,93	222,39	28,86	167,10	3,62	70,90	68,77	261,78	86,65
1141	0	9,67	498,49	387,76	19,41	231,75	11,48	16,88	68,25	121,74	302,09	3,25	12,23	60,88	11,08	33,56	1165,04	432,00	422,93	910,05	292,64	102,79	153,13	67,95	24,86	239,83	29,15	141,47	4,52	97,99	64,02	128,42	72,49
1142	1	9,68	996,02	627,83	29,47	244,05	21,78	35,50	154,45	101,86	351,05	3,25	30,41	41,30	12,14	58,42	3230,28	826,58	1021,90	732,41	516,91	95,17	196,30	116,53	21,66	603,64	60,31	249,83	10,89	121,17	76,72	201,55	63,30
1143	1	9,70	174,45	121,46	3,25	3,25	6,71	7,41	12,54	13,08	172,09	6,49	14,53	22,57	9,37	30,09	1998,55	564,65	975,31	704,19	454,64	129,39	244,88	86,88	21,28	290,14	37,28	62,55	7,89	65,81	40,81	170,89	65,18
1144	0	9,71	607,29	322,48	19,19	182,31	18,65	20,71	45,26	40,78	288,03	3,25	12,21	14,69	7,08	75,63	1654,82	556,59	1011,59	668,41	485,22	97,47	264,29	134,04	28,79	327,25	34,18	157,23	4,93	58,77	44,79	189,72	43,81
1145	0	9,75	599,73	519,45	291,01	415,87	19,81	65,04	140,58	118,92	313,09	17,09	167,47	125,30	12,88	88,89	4760,75	1385,14	1212,21	1715,12	1148,29	230,86	504,04	199,61	32,82	682,84	37,96	39,75	22,80	152,20	148,11	245,84	129,01
1146	1	9,75	1443,20	1284,73	109,98	363,50	39,05	109,53	276,12	130,14	1216,50	246,17	247,86	250,25	33,29	74,30	8023,18	1216,44	1446,54	1384,03	255,98	271,67	238,23	250,46	42,87	1320,09	139,19	1173,94	61,95	282,45	219,91	405,22	297,22
1147	0	9,80	384,25	246,31	351,86	207,58	10,94	40,72	45,58	35,28	289,42	28,23	95,13	30,09	10,80	52,38	2117,22	623,40	941,22	1165,84	607,80	165,86	428,25	81,09	39,72	412,46	31,81	171,35	5,26	94,30	62,24	245,57	68,66
1148	1	9,85	294,29	275,24	22,51	202,00	15,96	27,36	78,05	185,56	193,00	3,25	32,76	20,72	6,56	63,04	1849,29	677,82	749,00	494,10	426,22	71,57	226,97	84,38	25,02	234,18	19,01	43,62	3,84	93,31	90,96	278,30	41,69
1149	0	9,89	226,36	132,45	22,14	3,25	23,22	20,06	36,50	25,16	160,34	43,44	30,31	35,90	11,12	41,10	1777,92	712,84	1279,40	691,22	436,52	167,55	237,26	44,47	25,90	417,53	30,30	19,94	53,68	100,67	97,09	355,12	93,19
1150	0	9,92	237,64	154,68	3,25	3,25	8,25	3,25	30,72	13,97	158,98	3,25	6,46	19,18	8,39	53,73	1140,47	465,44	746,02	483,69	311,50	106,94	226,02	58,20	23,56	239,76	17,27	12,78	4,50	33,43	26,64	113,58	30,32
1151	1	9,96	205,66	151,69	17,23	166,50	8,93	7,41	26,35	32,77	221,91	12,83	19,45	42,40	12,29	29,01	2245,44	629,88	843,28	731,78	507,48	120,20	368,75	96,57	20,25	273,93	21,54	39,51	12,96	52,92	33,29	75,71	63,51
1152	1	9,98	529,43	567,24	47,43	145,08	21,35	56,56	150,92	40,06	317,26	65,44	107,57	19,58	7,02	82,82	3598,16	860,14	657,21	1056,96	726,30	128,77	269,14	314,13	32,60	370,46	31,06	284,29	6,28	149,52	151,55	226,79	129,36
1153	1	10,00	267,74	217,68	3,25	3,25	5,93	3,25	21,03	28,44	229,49	3,25	5,92	18,55	6,68	40,25	1140,00	320,78	428,97	604,98	343,15	62,51	155,81	52,62	19,25	204,15	23,02	44,47	4,36	38,98	26,82	69,35	26,73
1154	0	10,02	832,45	392,03	31,30	185,91	25,68	34,33	101,35	33,83	331,69	3,25	29,68	25,51	10,98	78,51	3314,44	784,41	1347,83	1939,48	810,96	233,43	472,54	123,01	29,87	742,54	48,62	51,68	17,83	94,78	57,92	200,58	38,97
1155	0	10,12	200,78	179,23	18,30	3,25	10,50	15,51	29,73	56,55	166,50	28,66	33,82	23,47	8,23	53,06	2975,59	855,41	835,02	760,15	669,91	106,10	411,85	86,24	31,79	271,78	24,04	28,01	8,74	167,46	98,40	317,41	85,92
1156	1	10,15	428,04	310,27	27,61	3,25	19,98	24,18	36,41	83,56	367,71	50,13	102,88	57,81	18,70	32,47	3651,59	930,92	1144,91	775,11	680,90	107,87	259,54	63,09	18,96	419,79	44,94	327,91	14,65	115,16	99,62	189,99	109,68
1157	1	10,17	679,56	417,32	27,12	3,25	25,97	24,72	64,14	49,92	279,29	3,25	116,31	80,85	16,16	92,01	9033,54	1704,05	1623,70	2487,38	1300,95	224,42	474,80	201,76	32,05	554,80	65,80	130,41	9,99	264,64	131,93	334,73	161,23
1158	0	10,23	250,88	167,61	21,06	201,34	7,35	10,39	49,47	41,17	163,52	3,25	8,07	10,26	5,99	34,74	1051,37	392,84	479,67	667,48	286,00	71,60	141,96	40,14	22,35	187,77	17,04	65,20	6,86	44,57	27,72	55,85	20,09
1159	0	10,26	397,86	378,85	18,74	270,87	10,39	13,10	134,89	89,22	240,75	3,25	10,68	32,19	10,09	152,67	2916,69	808,63	849,49	829,84	564,88	100,92	297,53	327,55	46,42	424,26	54,50	378,41	6,21	177,30	103,42	272,74	73,73
1160	0	10,28	561,44	286,09	115,23	220,23	13,98	38,69	120,28	48,43	285,85	78,98	105,13	19,12	9,91	53,27	1657,83	672,69	1435,74	915,61	572,10	214,58	525,60	77,11	31,92	434,72	23,29	34,90	6,44	67,30	88,56	235,02	47,83
1161	0	10,42	859,32	581,45	762,74	608,44	22,62	121,48	253,89	85,28	350,62	29,44	138,67	45,32	9,60	87,05	4057,47	1224,37	1633,79	1195,90	750,91	193,62	433,44	123,91	29,75	504,98	74,22	410,67	8,93	118,24	107,90	283,52	64,58
1162	0	10,51	512,18	452,02	41,68	247,86	19,50	60,47	179,99	149,22	331,89	16,48	109,69	46,84	11,37	228,84	5152,00	3104,28	2775,33	1473,75	906,74	502,97	1286,54	410,39	117,66	366,21	19,56	33,01	4,57	127,40	219,90	613,24	101,82
1163	1	10,56	640,94	575,96	235,64	759,56	25,93	90,81	630,25	96,56	325,66	3,25	101,26	44,59	9,62	127,05	2494,38	1382,64	1255,18	1205,15	723,15	336,33	510,85	137,15	88,50	599,77	31,11	187,70	17,29	54,11	132,93	279,35	41,81
1164	0	10,64	348,34	325,51	26,21	269,87	8,57	12,10	98,99	35,67	184,12	3,25	6,53	19,91	6,86	60,95	1088,31	462,99	480,46	378,47	300,19	65,27	215,74	101,76	27,63	316,88	31,04	170,10	5,57	44,70	39,98	96,45	39,88
1165	0	10,66	279,56	148,58	17,71	159,34	7,22	10,48	28,52	18,18	154,12	3,25	7,33	16,39	8,22	49,40	926,45	351,89	791,04	288,87	259,28	45,75	144,76	62,56	23,83	234,90	31,59	102,66	4,33	37,87	30,52	130,11	29,89
1166	1	10,69	582,21	209,67	3,25	195,23	9,04	14,66	70,59	19,41	256,15	3,25	7,69	24,02	12,38	60,44	1031,25	383,47	1003,54	620,56	373,82	139,13	266,56	99,89	34,65	380,35	38,58	86,16	11,92	3,25	17,89	48,36	24,86
1167	1	10,69	734,25	701,65	20,95	326,85	39,04	3,25	499,03	225,98	557,95	3,25	91,39	145,94	15,71	95,55	4216,21	986,75	668,68	1795,59	815,80	236,03	412,79	211,64	42,45	523,76	41,49	90,04	11,05	162,22	107,10	201,36	186,22
1168	1	10,70	355,60	187,99	14,16	192,49	9,48	9,87	43,99	39,51	213,50	3,25	6,99	22,13	9,76	38,24	1129,11	375,48	671,41	677,28	388,12	116,17	241,16	78,12	26,53	328,71	25,72	26,03	6,05	52,07	30,45	115,04	26,69
1169	0	10,72	445,85	321,00	3,25	211,10	9,80	3,25	62,37	36,25	237,73	3,25	6,44	39,42	9,63	77,21	2671,28	620,81	723,39	645,13	561,79	75,16	295,66	96,10	21,77	296,55	35,43	135,25	6,61	73,81	40,27	124,02	43,76
1170	0	10,76	814,89	483,65	1039,57	479,70	31,11	98,94	169,28	83,45	412,68	161,16	533,40	117,08	27,68	169,74	3486,07	1552,01	2215,09	1591,33	748,83	408,99	717,93	281,42	134,39	656,69	38,07	71,32	26,77	230,34	185,07	1198,36	123,26
1171	0	10,78	1010,44	1509,89	266,92	534,47	25,50	90,74	261,09	240,47	694,77	68,94	220,76	59,34	13,40	87,95	7170,74	1373,13	1145,52	2210,73	987,71	164,52	248,19	128,09	40,41	460,76	87,94	425,97	94,06	333,59	116,05	336,85	98,84
1172	0	10,78	898,18	1204,93	47,82	345,07	28,09	31,46	467,66	124,24	600,55	3,25	64,03	63,74	11,27	91,54	3404,26	765,11	438,61	1084,48	839,68	86,74	323,88	205,35	25,58	487,63	65,84	296,14	15,09	106,28	115,25	99,02	47,79
1173	0	10,86	193,72	126,19	72,92	191,55	7,91	36,18	46,46	13,06	120,46	24,12	20,77	10,74	6,14	24,36	481,20	288,61	428,44	271,21	206,36	49,89	169,55	3,25	20,51	196,41	20,45	38,71	3,25	19,96	18,31	52,96	17,26
1174	0	10,92	230,01	155,83	28,00	197,32	8,78	22,14	52,76	39,17	189,28	55,82	55,75	24,41	9,39	53,88	1694,35	538,98	854,09	737,79	336,87	133,34	198,95	129,20	35,36	250,07	23,18	39,50	4,72	106,92	70,04	282,07	63,87
1175	1	10,93	12,81	13,02	3,25	3,25	3,25	3,25	6,45	3,25	0,94	3,25	3,25	8,95	3,25	127,99	1336,61	586,99	703,80	580,14	350,69	90,74	184,99	164,33	47,83	19,24	18,16	201,43	7,80	3,25	3,25	19,95	15,39
1176	0	11,00	336,72	203,71	123,68	216,87	13,05	47,83	46,33	49,85	192,29	54,56	89,61	29,23	9,59	71,84	3282,65	972,17	1664,55	1436,80	579,01	255,46	389,32	130,49	49,17	558,24	44,36	274,87	11,21	159,52	109,72	490,39	77,18
1177	0	11,01	1594,61	889,57	66,32	253,40	47,12	93,25	192,41	99,40	576,48	171,78	193,79	161,34	39,18	83,05	8577,70	2221,67	2996,01	2402,82	1251,28	375,60	575,68	291,76	39,85	1362,28	189,05	739,49	33,15	396,14	201,82	749,07	220,58
1178	1	11,02	1234,66	1135,94	44,46	270,01	41,84	45,86	109,37	161,28	566,12	18,57	63,68	96,11	16,02	119,48	5532,82	1066,44	747,41	1918,52	1475,52	149,33	799,34	167,96	40,31	641,48	48,35	58,93	12,29	301,23	106,64	254,03	81,81
1179	1	11,04	1338,28	649,14	38,92	186,26	40,17	42,31	79,64	70,34	415,55	92,45	125,68	79,82	18,76	162,20	4482,74	1322,70	1717,48	2304,07	1015,53	290,20	620,27	288,18	104,02	507,54	50,48	182,46	8,52	208,11	118,92	512,29	239,57
1180	0	11,13	711,19	423,09	35,00	277,13	22,02	23,56	165,52	64,59	395,61	3,25	22,57	37,54	12,68	133,11	2995,22	649,61	1024,77	1129,34	940,51	143,84	335,84	291,89	44,92	600,46	129,94	408,87	8,33	190,25	90,39	382,43	58,05
1181	0	11,13	1213,99	1648,27	1204,77	568,45	36,46	120,37	276,92	238,47	582,75	151,79	246,67	61,25	12,00	61,87	4185,43	1025,04	1079,64	718,10	684,45	98,70	311,14	153,51	24,52	676,57	100,86	490,63	12,51	289,68	150,70	331,00	72,00
1182	1	11,14	465,17	277,03	24,33	89,94	16,27	30,27	63,14	45,37	382,60	18,70	55,34	37,37	9,88	58,41	3604,27	1031,68	1242,83	2292,85	852,40	380,33	551,22	129,00	49,25	275,97	22,18	18,91	11,12	195,96	165,44	449,44	100,95
1183	1	11,21	370,37	215,11	138,06	849,59	11,87	31,47	413,05	41,35	242,81	21,29	58,73	30,83	10,00	52,06	2625,64	845,59	1719,22	610,73	508,89	165,05	215,53	107,13	21,50	667,89	50,87	141,41	16,13	65,40	47,09	195,80	54,35
1184	1	11,22	650,62	326,39	20,43	225,62	10,42	14,77	40,90	80,37	271,65	3,25	8,82	29,91	12,28	37,48	1827,15	521,67	757,28	898,71	453,54	131,99	302,59	54,88	22,92	247,20	22,76	82,19	4,42	78,16	48,52	166,85	60,13
1185	1	11,25	456,29	313,83	23,31	193,77	17,34	27,13	79,58	47,21	278,49	3,25	16,07	34,12	8,70	71,24	1950,19	697,33	840,98	1059,10	527,41	222,67	291,00	179,43	41,34	465,06	48,97	124,51	5,25	89,10	129,52	279,52	73,45
1186	0	11,36	626,92	280,73	51,39	205,79	23,22	56,75	87,50	30,54	287,31	89,40	94,74	62,15	22,16	77,36	3327,09	866,64	1373,34	810,21	536,27	132,65	238,90	96,97	26,20	960,84	80,77	192,47	28,57	143,63	48,41	258,68	77,37
1187	1	11,36	455,22	355,28	17,65	282,06	8,98	12,07	62,56	39,02	193,36	3,25	6,56	14,01	7,25	45,48	1852,41	511,33	471,03	500,35	313,19	50,46	142,59	74,65	20,43	232,37	25,63	89,82	4,35	70,43	43,14	101,71	24,91
1188	0	11,39	965,62	687,51	1889,41	833,60	45,46	316,48	396,33	65,05	437,27	614,82	482,72	93,56	16,47	60,40	6106,53	1510,31	1556,00	1896,62	1144,17	233,48	762,99	89,18	27,10	1348,80	79,07	96,49	22,96	380,17	150,50	543,99	101,28
1189	1	11,39	1542,62	1153,13	35,29	227,84	40,12	33,09	217,64	103,26	514,39	3,25	34,02	114,57	16,80	173,35	6787,68	1539,47	1516,35	2310,36	1326,73	232,01	591,23	177,98	39,03	890,88	108,48	334,86	19,06	185,29	115,00	316,51	145,10
1190	0	11,49	464,28	275,64	19,81	258,58	15,70	28,53	178,76	69,05	381,83	3,25	24,86	18,19	7,97	57,30	3502,23	877,06	1613,09	1190,44	628,61	190,26	257,90	131,21	23,80	615,40	69,76	614,80	16,15	110,72	56,13	177,47	70,40
1191	0	11,53	1350,29	556,13	23,46	179,93	16,03	29,13	87,53	50,82	569,69	3,25	31,91	36,75	16,47	94,03	3000,08	872,11	1261,89	1079,84	828,36	139,92	426,34	131,24	28,59	425,07	48,42	129,59	54,65	77,33	53,19	162,69	47,51
1192	1	11,83	503,51	358,42	189,33	279,56	12,30	23,13	47,81	173,07	230,96	8,50	39,47	38,09	11,57	53,70	2068,89	489,63	691,60	665,62	375,77	57,76	152,68	64,09	21,26	281,27	43,50	57,38	10,07	125,05	47,60	180,90	36,54
1193	1	11,87	1185,49	707,30	43,81	229,36	32,34	32,94	111,21	71,59	1023,02	93,65	272,39	59,50	15,66	73,84	4217,97	1212,91	1478,07	1850,19	1061,43	271,01	543,89	242,99	38,91	643,03	87,23	368,26	14,18	110,34	95,82	231,82	115,44
1194	1	11,98	1066,36	599,13	241,13	274,95	26,74	66,71	86,01	70,38	484,23	88,56	160,00	60,97	14,16	51,17	2892,33	665,91	996,14	1042,44	756,11	126,86	455,12	73,78	24,25	523,87	39,06	28,45	10,11	90,57	57,55	177,74	53,17
1195	0	12,02	679,81	593,82	52,45	320,47	18,71	34,99	135,11	132,50	370,58	3,25	23,54	38,14	10,91	48,60	2472,90	619,36	791,09	873,54	392,33	119,15	190,69	75,53	23,90	333,38	36,73	274,01	8,44	78,06	57,86	174,80	38,70
1196	1	12,07	1430,89	1026,32	131,90	469,88	56,86	77,18	261,52	172,98	515,81	174,73	327,14	202,02	24,60	71,19	5509,27	1567,90	1712,71	1854,46	1172,59	257,62	703,90	204,95	27,82	934,62	61,49	161,69	8,55	226,29	248,67	466,76	240,12
1197	1	12,10	541,60	447,77	157,93	527,31	24,73	47,13	96,68	42,06	222,12	25,62	84,97	35,76	8,94	46,17	1947,93	479,17	406,51	732,35	448,93	59,87	217,82	53,28	22,85	235,63	25,10	56,72	3,41	117,85	58,79	95,19	23,22
1198	0	12,15	1102,51	637,82	53,38	233,17	23,18	36,45	157,70	65,24	477,09	76,52	86,40	100,82	25,64	50,47	5297,74	1354,06	1588,39	1611,17	832,96	201,85	559,16	225,66	27,16	794,71	65,88	619,63	27,90	118,51	63,97	220,27	138,24
1199	0	12,24	491,81	433,25	83,34	318,93	18,98	47,21	133,97	60,39	270,75	3,25	16,24	39,23	9,39	71,86	2097,70	825,95	826,15	1167,31	534,27	176,31	303,71	81,24	34,37	377,93	42,07	381,05	7,73	81,68	55,95	161,85	86,19
1200	0	12,31	373,20	268,67	54,84	196,59	14,16	29,84	50,93	19,30	217,83	16,78	39,50	20,09	8,64	50,62	1606,04	672,72	1190,17	767,79	458,05	139,83	280,82	114,41	41,17	458,74	36,21	169,29	5,10	52,04	41,83	207,86	36,14
1201	1	12,40	608,02	253,96	20,29	172,13	19,06	21,49	46,37	67,62	225,51	3,25	16,35	53,49	14,70	56,32	995,55	365,69	522,39	634,73	290,75	76,68	150,67	70,39	23,41	259,26	23,44	13,48	4,20	50,49	35,77	105,56	25,77
1202	0	12,48	992,46	583,81	70,29	272,66	16,62	146,77	246,88	127,14	308,18	70,67	86,94	22,77	9,38	86,30	4536,42	1608,05	2041,69	2050,20	889,20	329,90	390,64	78,42	33,37	362,35	28,26	199,22	5,15	250,55	192,79	523,23	361,10
1203	0	12,53	1092,36	630,85	969,97	428,92	31,79	112,39	151,39	61,27	449,58	26,25	271,25	59,42	16,48	88,27	4552,48	1320,06	1527,09	1914,83	1074,75	327,61	777,63	270,71	44,99	641,25	48,43	52,80	14,22	124,74	140,70	377,71	82,75
1204	0	12,56	1198,00	605,60	59,04	678,78	34,68	46,71	291,30	124,88	556,72	15,41	92,29	61,43	17,96	53,89	3071,80	614,34	962,98	1395,06	898,32	134,66	449,86	80,49	25,29	344,41	43,83	97,31	5,66	3,25	72,15	169,62	40,11
1205	1	12,64	446,47	266,83	18,15	182,94	14,65	19,28	46,93	72,27	194,06	3,25	9,33	22,15	8,65	65,42	833,50	388,85	514,05	400,44	278,33	61,56	158,10	80,30	28,39	250,64	22,98	41,89	4,97	51,04	53,04	130,35	21,31
1206	1	12,70	784,88	489,73	19,93	180,35	14,65	3,25	38,02	242,17	378,74	3,25	12,28	63,68	17,67	53,28	1918,53	618,24	702,83	565,61	352,39	81,92	231,13	98,88	22,77	346,58	25,95	70,08	5,40	95,08	69,64	210,84	41,01
1207	0	12,71	1330,24	1134,75	252,32	440,97	34,35	121,31	353,11	66,91	523,15	103,00	120,37	76,60	15,17	68,76	2581,93	829,92	1323,97	1159,02	639,37	191,72	537,58	109,84	33,60	702,63	54,25	185,55	9,96	78,02	61,61	188,34	60,41
1208	1	12,71	1563,11	1570,85	59,14	324,83	55,03	95,02	382,01	185,03	668,60	45,47	119,70	172,83	19,71	69,70	4633,06	1443,00	1215,83	1689,80	967,38	233,68	502,83	153,98	22,67	1150,27	101,36	736,77	13,63	123,12	102,04	208,70	161,84
1209	1	12,90	378,64	273,49	21,95	229,50	11,56	16,44	95,10	71,00	216,03	3,25	9,87	36,21	8,31	49,78	1792,38	391,32	550,03	622,15	478,25	70,89	257,54	59,22	18,54	308,33	29,86	52,60	6,39	75,50	42,26	121,34	39,91
1210	1	12,96	762,30	523,05	55,18	279,88	21,06	27,14	132,42	62,64	342,92	23,83	68,30	32,60	10,21	34,41	2325,57	594,24	635,11	996,96	440,56	103,02	164,43	60,31	23,16	326,25	27,36	120,00	34,79	143,39	92,66	201,44	43,70
1211	1	13,02	684,27	362,41	23,15	331,85	15,35	28,90	167,09	105,06	303,60	3,25	19,93	63,19	15,16	54,58	2786,92	982,17	1334,54	933,26	547,21	157,86	302,85	76,23	21,80	512,07	33,95	25,05	6,80	53,06	44,47	194,21	60,45
1212	0	13,05	1072,05	983,70	83,06	279,81	31,59	60,07	299,73	164,13	533,87	3,25	176,61	51,09	14,64	76,18	3218,66	795,73	705,00	1082,51	644,26	136,06	273,08	166,17	27,46	507,91	83,61	356,99	11,06	155,43	126,25	174,56	74,86
1213	1	13,07	367,45	301,38	60,52	389,77	15,78	31,21	215,00	50,46	208,72	22,32	33,08	37,52	8,72	46,03	2235,41	704,55	727,40	746,99	454,49	121,32	226,38	126,45	26,26	367,99	30,99	213,46	6,56	60,10	64,21	128,99	116,67
1214	1	13,07	877,86	751,68	48,55	192,03	29,25	54,42	109,25	59,35	358,41	36,12	78,97	54,68	12,72	51,26	2934,07	897,11	938,70	1510,98	819,81	211,95	530,75	71,13	38,36	422,56	31,82	56,08	7,07	167,65	138,07	339,54	94,70
1215	1	13,10	796,58	467,44	14,79	182,04	12,16	10,24	57,54	116,47	326,92	3,25	6,61	54,14	15,09	58,62	1764,48	661,98	803,65	680,90	361,84	112,72	174,86	89,49	25,69	405,89	26,68	21,53	39,92	49,18	36,31	97,81	37,29
1216	1	13,17	337,85	266,78	3,25	167,38	10,21	10,53	32,32	164,79	391,79	3,25	9,93	69,76	12,77	49,76	1600,32	477,65	534,21	595,18	364,67	60,50	175,07	62,64	19,84	175,29	21,06	70,14	7,02	155,52	95,78	292,53	36,57
1217	0	13,36	139,60	134,55	19,58	3,25	3,25	16,94	23,32	21,10	150,45	11,66	18,86	22,53	7,65	41,70	1358,65	681,81	513,97	509,28	319,81	88,82	177,82	48,33	27,76	214,24	22,85	76,90	11,44	34,43	36,85	65,90	69,42
1218	0	13,40	328,42	324,79	234,19	311,14	17,91	44,27	70,35	34,84	312,53	64,39	130,43	22,52	7,91	63,63	2690,77	859,19	796,35	870,87	695,49	133,00	311,48	155,57	24,42	297,40	22,54	21,37	6,62	80,43	66,77	136,90	39,67
1219	0	13,45	481,28	405,25	374,54	761,57	17,52	79,55	295,65	54,09	346,70	16,68	72,51	59,85	10,61	103,92	3699,73	1468,27	1630,56	1427,32	597,81	349,46	329,00	276,57	51,45	979,10	56,53	877,88	19,88	119,28	175,81	382,43	115,67
1220	1	13,50	1874,22	1683,21	865,49	980,17	48,79	185,39	374,18	164,65	552,19	58,82	226,59	133,57	16,17	156,64	7205,10	2445,47	2413,88	2497,00	1272,25	473,17	564,25	544,00	54,85	1020,20	76,40	449,47	33,67	140,36	114,20	370,73	103,25
1221	1	13,56	545,00	460,84	17,68	186,83	13,80	18,73	102,40	34,02	281,75	3,25	9,37	14,79	7,24	71,39	1561,95	739,12	524,81	962,68	482,48	123,00	342,70	96,26	32,22	384,96	32,51	207,73	4,92	46,59	40,19	60,96	27,94
1222	1	13,60	1114,56	993,93	129,17	349,79	35,96	58,28	128,46	828,00	744,05	37,61	74,26	391,03	37,31	86,74	4574,84	1627,01	1173,71	1439,22	767,89	248,68	307,30	171,43	26,70	592,90	33,82	39,07	54,68	109,50	107,20	178,78	151,91
1223	1	13,67	819,99	1016,54	168,90	671,98	34,79	35,45	213,88	627,36	644,81	11,66	156,37	177,38	21,33	119,09	5610,82	1422,46	678,74	1744,73	940,49	183,25	330,23	426,04	60,97	866,73	80,58	322,85	7,96	286,25	160,32	279,52	174,65
1224	1	13,68	1352,50	3087,51	154,75	538,65	83,42	80,92	312,12	550,69	921,85	71,68	377,55	268,47	18,92	106,01	5880,58	1947,49	595,45	1621,02	1222,02	172,98	380,84	185,24	45,77	512,50	57,70	594,49	25,32	419,20	396,57	261,53	151,97
1225	1	13,72	1070,31	820,08	283,85	400,54	22,93	65,41	198,26	179,58	301,49	3,25	82,37	34,56	8,22	102,16	1361,98	674,69	573,30	745,37	292,41	159,80	217,64	160,19	41,51	304,39	29,60	161,83	5,47	72,43	102,79	175,98	31,50
1226	1	13,72	2799,99	1310,03	107,42	750,93	72,40	127,39	1062,59	402,21	1505,00	204,59	327,68	223,18	38,41	104,55	10430,75	2523,41	4636,77	4892,13	2131,27	744,51	1390,78	271,03	37,00	1713,65	108,29	105,06	15,09	524,44	262,50	1483,73	138,89
1227	0	13,74	2774,68	2368,28	1003,39	770,70	89,24	147,96	430,09	338,39	1350,85	278,56	793,71	599,28	61,63	320,03	14775,92	6410,37	5860,15	3284,60	2690,07	810,12	2505,48	920,52	156,46	2097,86	103,19	1881,03	37,46	249,85	443,53	866,57	672,65
1228	0	13,76	214,51	320,45	58,20	234,29	11,31	34,16	128,07	119,28	277,55	3,25	33,83	40,34	6,94	143,57	3878,12	1781,35	1029,13	298,44	588,79	73,64	978,49	87,99	19,46	213,58	14,77	19,78	9,17	72,64	121,83	189,02	174,97
1229	0	13,82	496,48	371,06	3,25	3,25	13,04	14,19	47,95	90,63	245,55	3,25	6,74	25,34	8,47	73,60	1122,44	415,40	499,60	492,33	326,91	57,38	160,96	71,20	29,35	223,68	23,32	257,38	5,29	69,47	48,40	134,34	20,18
1230	0	13,82	1454,81	1065,84	56,89	324,83	41,23	75,28	320,53	118,70	623,24	152,88	251,87	148,41	22,29	112,21	4203,23	1835,75	1755,58	1966,13	822,65	416,80	412,89	257,01	59,66	749,75	45,39	606,41	19,66	298,96	311,54	775,44	144,36
1231	1	13,88	1168,06	842,11	98,59	367,64	28,27	27,65	100,74	243,05	366,53	3,25	20,20	55,10	10,84	83,91	1374,93	515,07	526,76	594,64	317,28	73,34	152,19	147,20	28,08	456,06	31,58	90,79	7,90	62,74	56,36	111,83	30,08
1232	1	13,89	1703,57	1450,25	71,47	355,18	51,73	106,95	345,36	149,13	684,81	106,13	227,27	219,20	28,76	78,61	3690,91	1615,08	1413,49	1393,09	824,47	283,15	357,96	306,84	41,57	1294,66	90,60	457,79	51,97	112,17	182,60	260,19	115,42
1233	0	13,93	901,07	548,42	25,47	256,54	24,21	28,28	193,24	111,62	352,96	3,25	33,32	92,76	16,27	70,62	1750,05	741,09	889,14	866,31	368,73	174,47	214,94	104,72	27,68	349,88	30,85	230,83	4,44	95,25	76,69	201,00	45,09
1234	1	13,97	4304,09	1532,34	169,43	432,45	117,18	100,42	289,19	331,46	1296,53	216,46	712,31	408,85	82,03	122,18	7095,52	2808,79	4851,56	2866,76	1154,96	620,29	859,51	234,68	51,44	1567,19	98,46	240,47	23,52	405,09	327,48	1432,50	148,19
1235	0	13,98	2095,68	1304,03	60,24	293,65	55,82	55,52	171,65	189,48	669,91	52,29	210,19	157,27	26,07	76,77	4857,91	1686,27	2105,51	1107,24	978,55	196,56	370,21	142,30	32,83	891,23	55,78	299,91	8,47	228,56	213,21	693,98	98,71
1236	0	14,07	1546,91	1048,01	59,81	271,04	69,26	129,36	440,32	104,66	910,14	309,82	132,76	301,62	32,90	151,39	3482,79	1837,88	2526,76	1952,76	929,36	690,57	1245,77	456,62	107,83	1012,25	78,33	726,27	19,32	141,17	178,53	788,12	222,53
1237	1	14,07	893,04	1105,40	221,90	188,31	25,35	49,89	55,58	82,79	580,33	20,97	103,78	104,86	11,49	52,00	2092,93	955,33	534,46	902,96	633,99	155,08	595,42	74,01	29,31	368,87	24,29	226,28	7,93	75,96	77,50	104,54	84,21
1238	0	14,08	1325,01	1137,52	359,07	601,54	43,79	101,92	324,22	65,36	571,32	119,07	121,04	132,07	18,31	50,76	1993,41	873,86	766,13	734,21	500,07	139,43	230,30	248,54	24,48	613,45	76,15	513,63	16,56	93,40	64,61	109,58	102,76
1239	0	14,10	646,64	282,28	82,27	1041,98	28,81	139,20	696,47	27,61	424,06	383,84	136,55	25,18	11,20	64,97	3839,27	1206,58	2022,81	1575,93	513,96	373,60	284,05	153,81	37,79	647,27	38,27	22,88	92,40	180,62	122,02	694,85	124,70
1240	0	14,13	2379,32	1072,27	322,79	646,21	52,03	142,38	315,03	59,27	720,53	287,30	141,11	115,15	44,04	53,87	4162,13	1156,64	2077,49	1356,98	1160,64	264,74	852,12	138,71	29,68	1333,90	117,66	264,14	17,70	134,43	73,74	452,36	111,42
1241	0	14,16	248,13	330,03	32,10	222,80	8,97	13,09	40,05	77,85	187,46	3,25	7,73	27,34	6,82	52,30	2122,76	530,75	384,90	673,17	549,26	60,78	273,46	85,24	22,27	292,06	26,31	83,44	6,98	109,72	64,72	98,15	57,42
1242	0	14,18	808,46	422,79	296,17	466,68	16,96	102,87	182,62	87,87	233,69	3,25	50,47	30,14	10,08	86,73	1875,02	694,73	872,96	826,89	407,06	130,34	187,74	148,87	40,64	397,17	31,35	85,77	7,25	60,76	59,02	117,24	42,58
1243	1	14,24	2149,76	1808,24	1223,97	666,14	71,09	117,52	229,16	632,83	933,44	77,54	565,91	120,50	12,39	187,21	1631,91	956,40	370,11	1369,63	377,38	259,96	314,65	362,51	207,74	195,89	17,77	72,20	4,37	204,87	173,58	221,54	58,86
1244	0	14,27	294,05	436,13	550,15	295,19	12,36	84,17	79,40	35,72	239,62	67,44	73,25	25,58	7,55	32,68	2155,79	877,16	432,79	484,34	416,18	66,17	222,54	84,28	20,69	293,10	32,60	467,44	6,15	74,82	61,79	95,07	48,15
1245	1	14,28	1495,60	968,73	31,29	202,03	32,24	43,18	179,87	242,04	364,30	3,25	66,05	83,35	16,66	58,35	3555,37	1339,71	1156,36	1004,19	623,68	168,85	247,98	135,30	22,56	331,64	23,82	20,26	4,37	138,29	146,28	339,34	75,44
1246	0	14,30	291,87	274,40	14,50	3,25	5,91	8,78	58,73	40,15	194,74	3,25	7,71	10,22	5,91	100,57	3712,83	1169,28	1387,63	923,81	675,73	155,57	368,41	142,16	27,05	287,38	49,04	451,95	3,93	118,40	79,82	268,95	71,04
1247	0	14,39	834,05	968,08	67,41	312,69	21,71	73,85	232,15	48,80	309,77	20,94	89,60	18,76	7,05	42,86	3447,07	1147,79	793,58	1228,43	964,14	143,72	326,95	68,75	24,88	422,76	35,40	172,61	6,73	137,56	118,70	233,62	50,97
1248	1	14,39	1266,68	2120,61	47,27	340,83	51,40	154,12	471,73	204,14	500,97	44,18	214,08	158,12	9,73	69,58	4224,34	1386,28	423,28	1777,69	903,09	168,56	333,50	111,23	23,12	535,95	56,91	207,37	6,92	134,91	129,70	66,72	57,61
1249	1	14,41	755,11	472,64	32,69	223,45	17,22	34,49	185,83	125,32	401,63	13,69	45,68	51,65	13,27	37,92	970,66	436,97	734,92	577,41	276,81	114,57	185,78	81,06	24,04	411,00	49,92	165,00	5,37	41,20	36,01	132,39	30,71
1250	1	14,44	692,33	407,99	3,25	177,96	12,80	3,25	35,29	178,48	480,74	3,25	6,05	37,08	11,68	53,75	906,02	405,76	697,83	616,18	309,77	136,01	160,54	64,33	25,78	267,02	26,94	77,03	10,53	40,34	39,39	121,85	27,48
1251	1	14,51	1552,66	1434,97	79,62	688,76	80,07	57,94	521,12	259,34	837,00	96,18	144,31	222,88	24,57	122,34	4245,21	1195,18	1163,18	1406,84	1054,30	212,06	427,86	354,21	54,00	931,23	102,73	536,50	29,85	177,12	167,69	359,24	96,38
1252	0	14,52	491,27	369,96	29,93	201,20	15,49	24,11	146,72	62,69	236,48	92,89	42,30	41,77	10,68	33,81	1696,75	427,73	430,79	472,10	325,80	53,64	159,62	60,95	22,21	335,66	47,25	179,97	8,20	121,64	45,12	150,84	61,98
1253	1	14,52	279,83	194,06	15,50	168,78	9,30	7,64	20,61	29,95	182,10	3,25	6,71	11,16	6,13	60,47	1535,33	520,29	649,60	496,43	340,05	68,56	208,50	82,09	26,72	223,50	16,65	16,29	3,65	55,12	36,76	156,39	36,76
1254	0	14,65	4556,71	2405,15	273,04	1476,38	111,46	155,68	1152,15	234,29	979,78	150,12	400,06	221,23	41,95	95,93	5830,84	2209,80	4434,91	1964,27	1217,30	470,37	956,33	185,89	46,05	1175,73	90,69	764,21	11,37	235,91	301,95	1327,67	157,97
1255	1	14,75	579,58	766,07	48,07	274,65	10,19	25,50	81,06	123,28	250,65	3,25	9,98	28,43	6,68	63,21	632,74	334,98	224,30	507,74	210,19	71,05	157,23	64,06	40,56	202,74	26,44	82,99	3,08	59,05	31,33	34,29	24,56
1256	1	14,75	1156,39	753,15	28,01	215,61	35,82	21,43	84,27	106,84	423,53	5,77	45,15	111,79	19,82	45,65	1890,44	937,80	1094,77	859,06	432,30	180,64	226,79	131,25	23,84	232,03	16,24	18,01	4,18	104,67	110,08	288,82	50,40
1257	1	14,76	868,40	727,20	89,41	389,17	43,08	40,81	167,90	112,16	401,94	24,93	69,84	98,21	15,55	50,35	2972,63	818,22	738,68	999,02	596,36	103,90	231,85	121,81	24,19	641,60	72,98	371,15	11,76	138,31	71,80	197,89	52,37
1258	0	14,78	510,20	211,70	99,00	255,68	15,72	32,50	46,30	474,22	442,50	92,89	75,24	188,15	60,96	37,23	535,84	274,04	558,80	330,82	230,09	68,60	192,06	47,15	28,95	300,94	27,63	110,87	4,16	25,62	21,35	111,47	35,93
1259	1	14,82	2339,98	3981,50	78,91	309,47	56,54	103,09	306,01	290,15	847,11	30,97	221,33	305,14	22,36	157,79	4947,35	1939,95	774,23	1914,12	996,77	314,19	693,61	392,08	59,05	745,85	46,80	96,78	39,00	231,89	204,63	263,47	97,61
1260	1	14,83	362,64	372,06	13,32	3,25	8,38	9,09	31,52	60,58	185,07	3,25	6,14	25,50	6,75	35,10	1225,51	418,83	367,76	586,42	376,12	61,17	231,52	61,15	18,39	307,24	21,48	51,60	3,08	36,82	30,73	65,95	33,49
1261	1	14,99	296,67	362,22	18,49	232,86	7,95	9,78	61,32	73,44	161,35	3,25	6,33	27,67	6,68	82,13	677,28	458,82	328,19	314,12	212,91	64,09	140,86	141,46	31,25	200,82	19,97	40,09	16,75	34,69	50,95	57,93	83,63
1262	1	15,09	359,61	157,25	21,49	225,22	15,68	3,25	92,63	27,15	286,44	6,49	40,11	39,07	15,26	52,70	2505,08	812,54	1787,49	942,03	623,37	230,14	258,08	120,11	23,83	363,27	37,64	64,29	15,47	68,83	55,44	346,06	92,82
1263	0	15,11	1628,95	687,31	18,58	207,11	30,30	31,76	184,05	50,74	397,21	3,25	15,25	115,74	27,36	56,94	3310,34	1054,59	1492,57	1239,07	709,71	221,09	603,03	110,71	39,16	527,12	31,66	25,89	5,32	70,67	61,50	198,82	49,48
1264	1	15,11	586,86	401,24	17,01	173,84	12,61	13,45	48,48	75,31	272,99	3,25	8,91	49,43	10,87	69,10	1752,32	686,94	879,91	850,04	425,18	156,12	276,30	105,09	27,16	337,58	32,76	113,40	4,23	54,87	42,59	164,25	47,04
1265	0	15,18	873,78	579,71	299,00	371,93	33,48	113,86	151,09	67,68	378,43	156,48	198,78	81,27	14,44	32,28	1942,07	649,20	695,09	926,41	457,51	152,70	398,31	68,89	20,53	377,07	27,01	25,59	7,48	60,80	52,69	106,57	46,28
1266	0	15,18	1056,09	436,28	471,52	491,55	25,85	131,47	221,20	66,52	445,79	182,06	275,12	81,30	23,54	35,68	2527,94	854,67	1558,15	1092,59	495,65	241,85	371,05	80,79	21,92	463,39	58,28	326,89	8,42	80,31	57,33	273,88	56,40
1267	1	15,21	1257,11	1105,67	2726,60	641,08	40,84	213,12	160,83	102,70	521,10	103,62	422,74	97,84	18,30	48,43	2585,05	659,15	808,11	743,58	445,35	82,30	175,88	65,44	22,93	723,51	69,22	361,04	8,98	85,60	74,76	128,65	58,80
1268	0	15,28	722,15	927,45	57,19	318,80	15,74	57,18	211,09	91,74	226,08	38,46	72,03	36,17	6,66	202,98	2498,22	977,50	342,44	1459,13	406,57	220,25	241,09	335,62	132,30	283,52	40,02	180,92	6,36	130,63	121,03	104,07	61,08
1269	1	15,28	630,55	441,17	35,52	214,88	19,78	28,90	74,30	405,48	408,51	33,45	67,77	101,92	17,94	58,06	3320,08	755,78	876,81	1237,21	793,16	133,99	536,65	118,77	27,41	429,25	30,34	24,81	9,25	158,54	86,29	251,82	53,11
1270	0	15,32	2316,48	745,38	922,14	877,64	68,39	174,24	418,96	106,72	767,84	49,45	316,65	122,47	33,27	79,67	4047,83	1584,57	2887,09	1772,33	829,88	370,91	490,40	121,12	41,89	821,70	48,55	203,67	8,76	110,01	140,13	474,95	43,87
1271	1	15,33	1687,17	2146,35	203,76	887,00	61,31	127,90	619,76	238,45	604,61	26,63	135,56	113,22	13,92	100,68	3345,63	1889,86	928,28	1516,23	707,43	257,26	337,52	104,68	41,10	577,95	29,15	57,18	7,74	147,79	171,84	236,63	91,35
1272	0	15,34	2575,68	857,44	58,08	220,09	64,65	86,54	309,02	66,18	511,91	134,51	110,85	137,52	41,37	51,50	2812,23	1009,15	1989,28	1166,00	622,39	284,30	602,58	94,49	28,96	1081,17	100,08	160,38	11,86	119,41	50,24	402,21	88,12
1273	1	15,36	1475,64	834,36	699,91	359,80	33,99	96,80	110,99	133,20	480,57	16,84	152,17	92,14	23,42	42,87	2127,61	766,70	1366,14	553,95	441,77	138,83	276,26	69,57	20,52	557,00	43,29	26,00	9,94	52,03	59,74	125,95	43,15
1274	0	15,44	1197,19	1464,48	57,71	267,33	24,54	66,89	270,51	92,79	526,72	55,81	92,14	59,91	9,94	56,67	2552,78	838,05	808,05	1291,01	610,44	193,50	512,24	153,27	28,41	460,79	51,02	363,82	22,45	72,42	59,72	182,51	26,90
1275	1	15,51	1012,50	2662,91	438,33	807,20	51,44	124,93	394,27	279,47	635,16	37,35	197,05	163,89	9,20	163,61	3700,84	1682,52	457,38	1698,93	984,11	287,58	366,42	420,55	59,40	401,13	43,90	364,39	9,98	305,12	439,91	213,64	88,20
1276	1	15,52	1462,43	1329,97	71,42	502,81	34,39	91,69	473,53	205,93	612,44	26,18	97,98	81,49	15,11	152,03	4308,64	1654,36	2199,13	2069,79	796,49	425,43	527,16	329,02	73,40	1376,82	135,72	822,60	10,97	120,07	135,49	523,00	75,53
1277	0	15,57	650,01	869,69	276,39	431,99	19,13	66,36	107,43	147,08	440,75	3,25	70,94	93,64	11,29	81,08	2661,68	1198,35	1078,97	1199,24	494,56	244,53	312,96	284,07	34,09	554,65	45,46	368,13	22,20	67,24	110,49	184,43	114,79
1278	0	15,59	679,61	416,35	83,61	1529,05	42,13	49,52	879,16	154,81	613,09	135,11	264,70	67,38	20,42	106,65	2499,16	907,52	1657,16	980,19	705,57	230,47	531,80	188,16	58,13	428,73	44,29	178,70	9,91	167,42	160,58	720,18	49,60
1279	1	15,69	2114,97	1756,87	1205,87	664,00	53,05	136,42	150,82	158,15	592,08	85,50	263,72	135,18	20,67	83,68	3163,71	877,38	813,33	975,10	775,69	147,72	594,49	224,19	23,95	1115,84	76,16	86,09	16,41	149,14	109,09	237,51	112,66
1280	1	15,70	1984,53	1330,55	62,57	326,61	47,10	57,45	270,32	109,69	726,50	67,06	167,36	304,41	35,16	64,54	3830,77	1363,70	1367,58	1539,22	902,68	266,81	598,62	120,25	36,15	606,38	54,92	275,89	7,99	120,21	102,09	367,01	140,01
1281	0	15,76	1149,11	1259,58	677,36	713,70	48,82	77,82	388,54	165,36	727,35	87,02	262,13	133,23	21,06	35,93	2690,55	1041,36	1273,46	822,55	474,56	180,67	271,63	78,90	22,29	922,53	91,03	382,91	10,10	108,20	105,19	267,00	62,96
1282	0	15,85	2519,84	1600,95	200,73	805,42	61,00	160,21	754,39	122,53	645,57	65,81	232,65	178,93	31,96	109,13	3089,13	1233,73	1754,22	1110,52	648,67	254,24	446,46	175,54	36,48	924,85	64,53	213,96	8,93	123,16	103,40	408,46	52,51
1283	0	15,90	704,15	1326,96	780,60	458,29	20,67	130,98	218,49	162,72	513,17	39,24	209,32	79,27	8,22	150,78	4318,58	2176,79	1235,52	2160,53	787,26	489,78	611,88	469,22	75,51	607,12	34,30	293,91	10,47	76,37	119,07	119,02	115,84
1284	1	15,93	3942,78	2595,88	166,70	799,34	73,29	111,65	739,21	720,47	1263,30	3,25	92,70	353,61	47,32	186,67	4326,27	1501,92	1725,04	1516,53	946,49	270,56	455,75	174,84	49,20	1048,95	118,72	476,24	24,04	295,39	205,84	645,38	212,52
1285	1	16,03	1255,13	1319,70	110,98	345,61	24,72	87,99	336,35	271,00	592,34	56,22	105,91	87,37	12,86	79,55	5427,15	2217,82	1249,54	1899,52	1161,14	417,03	524,26	235,87	34,90	1223,67	68,94	958,09	13,05	282,82	356,47	376,10	179,18
1286	1	16,13	2006,71	2186,57	206,52	613,77	54,61	88,67	345,01	71,72	606,44	57,87	181,49	120,25	19,20	66,75	4624,12	1779,80	1027,38	1733,05	776,19	258,60	360,30	272,62	39,19	955,43	78,81	709,52	30,33	99,05	133,35	157,69	125,80
1287	1	16,18	3221,99	1896,18	603,60	837,34	61,22	110,65	411,18	227,49	910,23	42,39	337,46	164,08	45,80	135,51	4521,00	1592,50	1814,19	1985,64	1078,08	308,23	365,34	201,81	45,13	1073,94	105,12	792,59	34,75	228,81	104,59	421,53	80,50
1288	0	16,24	650,71	391,91	42,64	183,68	20,78	39,69	101,89	40,69	253,82	56,60	35,25	36,83	12,15	31,28	1719,92	568,27	797,34	611,62	364,18	89,00	208,56	62,11	22,46	364,27	63,04	368,70	5,72	93,30	56,58	185,73	57,73
1289	0	16,28	836,48	337,40	3,25	177,03	20,92	11,76	137,32	57,07	427,35	5,26	8,65	135,99	31,88	53,34	1464,43	744,89	1251,57	787,28	383,74	190,24	259,59	66,63	22,16	329,54	21,06	109,15	5,60	31,57	33,91	117,97	93,77
1290	0	16,34	1391,57	712,43	78,01	318,28	33,27	32,63	214,49	39,77	394,78	13,64	50,83	54,15	14,58	74,61	3756,99	945,46	1352,05	1623,75	830,33	188,23	491,89	111,17	35,48	738,14	123,79	458,68	6,78	140,09	63,50	269,96	104,11
1291	0	16,35	894,96	1590,18	1657,35	354,52	34,96	204,04	118,59	74,57	419,84	100,10	314,87	107,12	9,61	94,01	2352,37	1274,88	615,30	1043,91	610,78	208,82	498,46	144,47	66,38	541,84	32,56	473,14	6,13	73,57	108,45	105,28	80,35
1292	1	16,45	432,46	325,18	3,25	182,72	15,02	3,25	98,06	120,23	319,41	3,25	8,02	37,46	9,34	98,23	3304,68	1147,10	1333,27	1250,07	499,39	232,40	237,93	94,00	24,91	312,59	26,72	168,11	6,91	61,50	51,11	141,21	67,09
1293	0	16,50	1073,13	580,89	126,51	363,42	38,04	173,19	329,19	31,21	444,56	152,54	232,58	99,45	20,87	40,56	1790,35	709,62	968,61	962,61	525,76	195,95	432,59	79,57	22,55	512,92	36,78	218,50	7,68	63,89	71,80	187,07	35,92
1294	1	16,51	1653,66	2520,18	1743,86	1891,07	67,24	237,16	636,35	257,68	668,41	53,42	360,82	258,43	15,75	135,24	2628,03	1443,97	691,13	1669,04	752,21	354,08	628,91	224,18	69,25	794,00	40,51	80,32	11,07	149,56	164,92	215,65	114,48
1295	0	16,55	5003,38	3059,84	3431,50	1215,85	99,77	406,50	858,22	123,39	1256,40	307,52	865,56	302,38	62,01	125,63	4059,15	1754,12	1575,99	1965,82	1108,02	438,32	888,97	213,85	85,10	1967,78	134,65	682,20	37,19	99,37	87,75	276,03	133,31
1296	0	16,55	675,01	981,04	1016,75	487,95	40,03	269,95	337,04	180,25	233,75	103,11	270,02	82,35	13,17	119,78	1588,72	1351,57	1636,36	795,26	427,69	359,04	365,94	217,37	117,69	630,61	38,48	280,14	14,56	44,57	83,90	294,01	82,03
1297	1	16,55	628,02	1192,77	118,66	303,61	22,94	72,88	133,61	107,82	552,70	53,73	75,18	61,53	8,79	39,14	1610,35	715,71	503,88	725,76	332,68	118,97	249,53	70,25	26,47	570,55	51,39	491,34	3,63	48,78	49,43	79,42	65,97
1298	0	16,56	598,03	375,97	88,29	247,82	21,69	69,06	119,04	34,87	237,85	64,38	108,75	51,25	13,06	39,01	1256,62	621,74	1042,62	584,51	294,34	138,67	241,28	50,01	22,58	301,54	33,74	218,19	3,79	29,09	30,78	103,30	37,46
1299	0	16,58	2360,47	1029,27	1058,20	1213,18	63,05	181,39	910,37	110,84	557,98	186,82	257,14	204,78	40,52	113,63	2230,12	908,89	1462,40	1135,11	496,59	265,83	526,90	150,46	75,90	849,35	64,01	428,50	8,63	91,48	109,71	338,54	76,23
1300	1	16,59	891,30	299,64	83,68	264,91	16,40	17,80	66,11	311,69	310,79	3,25	11,74	73,66	33,93	84,08	1225,26	464,06	960,95	461,92	245,01	116,77	164,40	154,57	34,95	374,70	40,85	72,06	4,20	38,92	34,77	171,44	25,80
1301	1	16,63	1269,47	1018,12	21,21	226,00	20,73	37,71	132,63	96,35	365,19	3,25	14,78	69,19	11,85	61,76	1860,11	916,65	909,39	855,62	475,20	162,51	396,90	107,34	23,91	338,87	23,94	183,19	4,67	72,77	95,84	228,31	37,57
1302	1	16,64	996,09	422,38	57,70	249,42	18,87	18,11	179,88	65,83	258,88	16,18	99,53	42,75	10,29	68,81	659,80	437,68	535,12	448,63	255,29	141,52	290,79	146,46	44,80	257,20	17,51	20,73	5,14	26,34	33,74	103,29	442,67
1303	1	16,68	530,83	283,37	24,33	208,21	10,87	11,33	36,17	78,31	276,79	3,25	7,00	44,61	12,92	54,74	548,97	206,64	455,39	314,17	73,94	46,75	147,25	3,25	25,29	40,18	15,09	53,18	2,42	28,56	26,56	64,91	15,68
1304	1	16,70	2772,93	2518,19	55,74	230,80	61,24	30,43	189,88	265,57	1363,58	74,71	210,95	87,03	14,69	144,15	8379,63	2109,60	1883,87	3237,06	1775,62	338,03	597,66	339,22	60,97	1252,33	164,07	1170,95	35,85	662,28	296,58	738,78	163,85
1305	1	16,86	524,00	970,65	116,45	372,40	19,15	69,88	201,70	59,14	399,13	38,42	58,50	44,51	8,67	31,37	903,84	463,21	342,97	387,73	245,72	66,25	231,88	72,05	23,92	279,48	33,09	351,07	3,92	32,05	36,91	58,27	24,06
1306	1	16,92	455,83	539,46	21,13	178,44	13,13	16,80	48,46	98,79	196,41	3,25	11,43	29,16	7,04	30,90	614,15	333,01	290,48	289,88	220,43	34,16	157,88	3,25	19,68	283,35	19,57	113,41	2,65	24,87	23,53	34,82	16,78
1307	0	16,93	406,49	949,16	165,23	503,13	16,77	53,55	164,49	247,72	326,72	3,25	13,75	89,29	7,25	88,48	1533,82	638,32	256,00	891,06	427,98	103,51	279,16	78,15	35,24	222,08	17,78	35,97	3,06	65,30	64,33	56,64	26,43
1308	1	16,93	445,00	822,23	202,98	1741,80	19,62	57,54	454,06	786,64	516,18	3,25	55,61	189,99	15,85	76,28	2623,34	655,70	405,56	741,16	478,60	113,03	282,14	110,51	25,16	313,81	39,21	234,41	4,34	83,76	57,19	74,93	38,87
1309	1	16,97	1473,74	1599,60	124,10	521,56	44,91	82,52	777,97	151,16	488,48	72,44	223,30	86,03	13,19	144,35	4146,50	1526,63	793,43	1484,16	623,41	271,22	588,09	240,91	85,79	636,58	57,80	390,90	13,12	215,58	241,25	256,79	67,09
1310	0	17,05	3376,28	3289,35	200,42	581,25	90,95	194,20	839,01	93,21	1449,46	153,54	268,22	160,42	34,29	124,19	8434,72	2685,62	2965,38	3231,25	1492,85	633,08	679,64	231,62	60,67	2727,27	224,17	1898,73	40,50	436,22	399,59	765,88	194,60
1311	1	17,07	1540,12	927,01	1577,63	1446,09	55,31	258,13	1023,48	44,41	366,96	79,33	380,18	73,66	13,14	288,34	1703,24	1345,72	1399,09	1401,86	423,52	444,31	559,93	505,72	280,41	989,51	57,44	346,47	8,15	71,67	93,39	331,59	93,63
1312	1	17,10	1129,93	681,72	982,93	535,86	22,78	99,43	234,34	48,42	221,54	25,80	95,43	23,51	7,02	69,06	616,88	341,39	288,48	564,05	221,48	94,82	172,82	125,59	87,81	248,59	18,76	48,98	3,05	40,26	29,97	56,81	21,64
1313	1	17,13	1595,16	1417,16	117,28	390,24	33,95	102,96	327,92	234,96	964,37	54,37	138,21	230,86	28,10	28,61	2020,40	671,31	766,21	614,27	538,73	81,08	250,57	47,56	17,20	403,07	39,02	310,96	9,45	47,21	51,91	107,45	59,09
1314	1	17,18	1385,74	2270,60	251,04	580,84	39,11	143,26	432,68	133,49	375,66	88,46	206,38	82,09	8,77	207,24	4289,55	1449,31	550,18	1713,79	754,64	219,71	517,10	341,72	123,80	617,28	38,29	449,08	5,71	97,17	147,39	112,74	98,69
1315	1	17,33	1253,24	848,08	1107,61	498,74	26,84	103,25	103,65	551,98	864,75	17,99	218,12	267,79	44,76	83,96	3910,88	1312,05	1142,35	1296,81	791,26	202,93	260,91	86,50	27,47	355,37	26,67	25,55	34,43	209,80	129,21	312,16	58,44
1316	1	17,52	1409,40	1362,57	365,53	755,29	61,51	167,99	389,62	154,35	898,87	45,09	212,02	88,22	15,45	123,26	4130,19	1285,28	1203,19	1395,95	810,30	260,83	314,77	218,49	43,42	706,09	62,90	884,84	42,07	462,33	401,98	655,45	102,90
1317	0	17,56	1156,06	1008,14	1354,66	450,98	36,26	163,19	165,92	93,89	388,66	73,01	190,58	55,68	14,12	31,63	1284,22	643,52	632,86	463,90	305,29	89,36	209,68	70,10	20,03	529,97	53,45	361,52	6,64	54,31	35,78	109,42	47,41
1318	1	17,66	919,25	1222,67	360,91	568,13	32,51	68,05	204,02	212,00	311,32	24,37	162,46	60,17	10,39	80,00	1648,87	695,99	386,08	633,13	385,46	90,95	295,30	85,04	45,92	323,79	28,17	158,62	4,75	101,51	110,22	112,39	48,48
1319	0	17,68	1067,01	765,28	867,42	1125,88	28,86	256,16	1034,32	42,54	385,25	197,87	297,09	110,93	19,72	55,59	2683,95	1260,48	1710,87	951,91	629,33	226,64	740,68	88,87	31,22	391,53	18,06	26,43	7,36	59,10	78,60	213,40	55,48
1320	1	17,75	642,84	834,72	930,96	379,84	27,87	124,10	137,49	109,51	270,68	79,28	145,44	45,10	8,72	36,37	1104,86	537,07	422,17	422,72	250,72	71,96	179,42	62,84	20,82	349,89	31,68	257,85	4,93	3,25	40,65	72,25	31,13
1321	1	17,76	1328,25	1105,00	486,55	916,42	43,12	149,43	376,37	1007,96	672,69	101,29	329,32	192,70	27,02	54,30	1972,52	811,06	814,94	792,89	447,06	113,34	308,23	107,68	29,13	524,04	40,23	236,26	5,99	83,54	106,18	288,83	44,19
1322	1	17,85	630,77	539,36	30,24	288,38	12,36	24,77	155,88	123,09	289,52	3,25	11,26	24,26	7,54	91,84	767,24	433,39	390,14	565,53	278,32	94,38	236,95	110,88	43,93	243,73	29,53	151,75	5,23	41,28	36,03	90,00	21,25
1323	0	18,04	3226,20	1631,52	294,01	561,22	48,19	78,10	353,65	274,01	1132,61	86,38	269,08	202,05	55,84	76,58	3797,54	1369,07	2063,41	1254,80	888,63	253,74	470,07	139,00	29,49	581,80	85,34	493,00	6,41	125,74	182,92	423,30	71,18
1324	1	18,06	656,46	1027,43	48,78	290,19	25,61	27,31	336,77	90,73	219,56	28,72	44,28	29,05	6,63	62,66	1150,59	644,48	314,58	600,92	296,90	102,12	220,57	116,28	41,96	343,40	32,58	271,56	3,64	42,60	87,90	67,64	28,65
2001	0	2,72	1248,41	296,70	87,08	2206,75	122,14	32,57	1393,42	161,77	15225,73	491,42	810,33	16911,26	2963,81	63,24	1589,95	465,25	1019,15	350,37	317,43	104,03	269,89	135,38	38,10	7907,22	490,07	116,51	8873,66			429,96	232,49
2002	1	3,29	219,32	120,02	16,02	209,69	10,71	3,25	39,42	62,87	3618,75	279,69	60,76	2343,52	580,03	24,23	461,50	51,69	147,74	89,55	78,94	15,62	3,25	3,25	3,25	571,33	47,64	17,24	1520,06			37,14	43,55
2003	1	4,66	260,08	176,44	18,45	200,12	14,18	18,68	174,61	44,74	1794,76	15,12	53,81	1690,74	265,35	49,62	2426,63	737,32	1047,00	801,27	433,83	172,33	207,87	282,28	37,57	860,05	69,71	267,34	884,08	51,67	84,10	124,46	152,35
2004	1	5,72	2163,02	780,01	635,91	956,12	85,53	100,05	393,84	274,60	10097,56	962,53	1743,30	9478,40	2445,71	109,08	4947,83	1367,28	2858,29	1769,67	824,07	416,79	240,46	454,40	79,45	4329,60	162,47	82,43	9594,96			350,30	198,52
2005	0	6,19	646,38	319,51	1059,25	480,83	19,88	64,75	139,55	77,50	2206,84	240,04	592,20	1659,23	419,00	29,72	1184,41	337,24	479,09	310,96	257,04	38,99	151,56	69,26	3,25	1008,85	49,70	51,79	1334,38			48,41	35,08
2006	1	6,57	1700,69	809,91	1285,80	1344,66	72,57	201,75	385,40	225,48	5667,96	535,51	1103,96	2881,32	635,63	48,43	2104,54	534,46	797,71	817,61	654,34	130,44	453,78	244,02	30,57	1555,05	114,81	62,57	1929,05	54,60	149,75	92,52	110,27
2007	0	6,65	375,31	238,39	54,03	289,09	16,21	28,10	134,49	38,83	1417,45	102,93	88,31	555,41	125,13	57,24	2166,97	756,82	953,79	743,28	621,56	166,13	435,01	429,19	32,88	664,99	58,85	181,76	291,95			86,35	116,35
2008	1	6,97	196,72	154,00	31,24	166,79	9,52	10,66	20,73	40,38	893,13	22,58	30,48	430,51	72,13	78,38	2979,87	1172,46	1202,72	1019,60	761,19	177,77	486,34	329,39	49,06	342,80	31,75	140,43	268,59	50,51	49,27	110,12	102,30
2009	1	7,14	1022,50	319,84	868,27	1142,51	25,16	176,49	373,30	35,33	941,66	213,08	516,06	194,39	104,41	64,45	2899,83	676,35	2177,22	1083,75	613,00	245,75	589,01	328,39	32,66	970,22	66,79	33,32	242,42			88,80	57,46
2010	1	7,15	400,16	243,96	55,70	3,25	23,97	37,10	39,76	32,75	1123,18	165,99	85,57	493,69	87,25	65,96	2394,31	710,13	1207,67	894,13	514,53	178,22	342,95	367,13	27,65	765,50	38,30	54,62	548,80	24,25	22,42	75,93	72,46
2011	1	7,16	715,13	785,73	90,71	535,62	46,66	55,03	245,16	66,45	2080,57	144,33	163,69	1297,66	205,98	48,94	3181,60	654,10	875,64	829,87	497,09	98,40	210,04	194,39	28,96	1500,78	113,71	207,57	1143,76	49,55	67,23	104,60	82,04
2012	1	8,11	807,84	685,25	218,66	2006,57	91,08	97,39	1151,87	164,06	4851,86	609,02	645,67	2071,03	269,51	98,58	3966,85	929,69	1007,96	909,01	731,92	152,02	361,66	699,84	37,89	2760,88	161,36	400,41	2592,24			84,68	149,58
2013	0	8,22	1604,39	623,31	3877,74	6564,38	68,19	301,33	1398,57	157,66	5034,19	484,50	1777,44	2393,10	646,96	37,43	1179,32	461,10	998,19	539,04	325,01	160,49	258,42	183,79	28,47	4381,51	177,99	233,45	1154,65	3,25	3,25	85,59	113,05
2014	1	8,50	2027,76	1973,68	109,62	381,35	92,11	61,12	389,44	499,18	6814,00	229,35	277,16	6556,91	395,84	97,50	2384,75	739,22	555,94	860,91	528,16	146,58	347,92	482,42	38,67	3688,32	211,65	465,37	2561,30			81,36	161,11
2015	1	8,85	1557,36	968,09	348,87	626,47	51,61	118,30	346,53	136,79	3465,76	128,88	221,89	756,38	157,87	32,72	2558,89	753,47	1072,42	872,47	587,20	136,05	235,25	160,76	21,86	1124,64	94,57	328,68	429,61	28,27	77,30	64,93	173,48
2016	1	9,02	1423,46	825,18	62,20	363,01	47,57	68,57	404,48	101,62	2196,21	140,12	236,89	1175,21	220,60	103,79	6104,58	1597,63	2641,79	2330,92	1054,50	502,17	524,39	970,64	46,70	2713,96	156,05	954,15	983,99	74,67	158,77	222,13	213,77
2017	1	9,04	1618,20	610,43	199,51	533,64	33,90	31,22	212,91	160,62	6209,18	171,99	244,41	2567,84	553,42	29,03	1434,42	322,51	475,81	432,01	491,13	39,78	230,96	92,74	3,25	1276,40	117,64	54,02	2688,12			46,21	97,90
2018	1	9,39	251,09	159,21	43,30	210,61	10,14	20,11	55,28	26,78	1141,22	35,53	44,54	470,66	86,95	38,40	2927,33	1156,04	1591,71	824,11	490,31	157,40	224,96	73,89	24,91	376,39	25,09	20,47	370,57	20,73	27,72	43,39	60,45
2019	0	9,88	1363,92	1453,28	2103,00	1485,75	90,03	198,10	710,87	312,85	6570,17	410,25	553,04	6868,70	456,23	152,27	4141,32	1407,69	1069,87	1121,54	622,05	271,67	481,88	1057,27	62,96	4960,15	243,83	1290,99	4197,85			134,23	233,34
2020	1	10,43	320,66	182,17	14,42	164,60	10,49	7,90	18,48	66,90	2780,75	73,16	33,73	1104,02	147,23	3,25	56,25	3,25	41,48	16,67	11,11	3,25	3,25	3,25	3,25	444,32	44,62	19,95	4171,79			3,25	18,54
2021	1	10,52	965,87	451,23	130,05	342,38	24,56	41,39	109,07	67,46	1605,53	67,23	99,18	669,72	144,54	44,13	1543,32	438,45	567,32	764,79	514,00	96,56	316,36	145,64	24,43	920,53	58,99	38,06	431,35	30,92	59,30	57,48	79,83
2022	1	11,36	409,25	497,20	44,47	257,46	18,47	35,51	102,23	421,03	1101,65	79,88	99,84	456,13	53,90	55,66	3897,89	790,11	878,39	854,22	809,99	83,07	296,69	108,05	28,13	392,14	67,44	277,21	154,60	137,03	75,69	106,27	76,65
2023	1	13,06	4994,89	5675,78	1593,70	5210,18	151,69	347,99	2792,27	325,24	6549,21	455,86	890,51	1672,64	138,40	102,90	5131,76	1386,34	1138,46	1106,28	900,76	174,19	364,14	399,35	32,29	5264,25	324,55	1547,72	1795,34	86,61		91,29	236,60
2024	1	15,22	977,90	678,36	2476,06	1208,72	37,23	137,26	349,39	216,26	2190,04	205,11	401,55	921,54	106,60	32,00	559,86	306,88	304,51	281,06	198,62	36,66	140,30	49,67	18,49	921,04	49,85	97,44	383,45			24,03	48,64
2025	1	15,96	2959,84	2970,88	821,43	922,18	159,26	281,15	466,42	151,36	2360,19	329,31	649,16	1043,68	76,83	67,92	4089,17	1711,96	1415,30	1674,56	978,22	355,01	971,72	310,72	32,58	1704,52	73,55	153,23	606,15	38,80	26,06	75,76	133,77
2026	1	18,06	1103,78	1077,71	1221,62	2571,92	36,61	183,59	659,00	470,65	1511,87	54,86	208,57	937,71	64,35	31,63	930,74	457,12	367,37	595,28	333,66	82,82	257,57	45,28	22,78	1111,37	45,60	77,75	372,78	19,23		30,60	79,56
2101	1	14,40	10,95	12,99	0,00	0,00	0,00	0,00	0,00	1289,52	5,81	5045,33	21,25	8,54	11,83	0,00	0,00	19,63	0,00	0,00	0,00	0,00	0,00	0,00	0,00	0,00	0,00	0,00	0,00	2448,87	897,90	10088,53	0,00
2102	0	21,60	12,82	11,53	0,00	0,00	0,00	0,00	0,00	959,61	5,43	2091,08	9,14	8,22	7,69	0,00	0,00	0,00	0,00	0,00	0,00	0,00	0,00	0,00	0,00	0,00	0,00	0,00	0,00	10561,30	7373,48	46396,59	0,00
2103	1	14,90	0,00	0,00	0,00	0,00	0,00	0,00	0,00	427,84	0,00	1778,89	18,78	12,47	9,04	0,00	0,00	0,00	0,00	0,00	0,00	0,00	0,00	0,00	0,00	0,00	0,00	0,00	0,00	28848,19	27836,59	65747,28	0,00
2201	0	2,00	3985,81	194,51	254,07	5889,72	148,11	13,72	1786,71	0,00	431,24	282,91	625,32	284,99	206,78	0,00	228,46	0,00	0,00	69,26	60,74	0,00	0,00	32,31	0,00	0,00	0,00	0,00	0,00	0,00	0,00	0,00	15108,18
2202	1	6,80	654,35	281,29	361,27	660,28	19,97	55,65	128,99	50,27	236,39	136,59	166,70	52,43	0,00	20,22	364,26	106,55	217,21	154,22	131,76	53,69	0,00	49,58	18,73	37,82	15,15	11,40	2,64	21,38	0,00	33,03	2520,66
2203	1	12,10	988,01	1080,43	95,88	310,86	22,14	22,36	99,07	577,46	697,48	67,21	210,16	194,61	23,83	15,81	1081,56	247,55	190,36	444,99	216,97	28,27	35,04	29,17	11,04	25,57	11,32	70,35	3,44	44,14	0,00	41,14	2054,62
2204	1	22,20	739,12	880,22	231,59	120,26	14,07	27,99	30,75	318,04	393,50	69,59	103,66	231,52	12,34	16,89	1067,88	322,55	226,14	346,41	217,59	32,43	53,03	25,07	11,82	27,81	11,00	42,02	5,76	23,25	0,00	24,53	4317,42
